et_date,entry_dt,exit_dt,direction,or_high,or_low,or_size_pct,entry_price,exit_price,stop,target,hours_held,gross_pct,net_pct,exit_reason,year_month
2023-12-08,2023-12-08 11:00:00-05:00,2023-12-08 14:00:00-05:00,short,4593.5,4575.5,0.39075219798111366,4606.5,4610.25,4615.5,4579.5,0,-0.0813,-0.0929,eod,2023-12
2023-12-11,2023-12-11 11:00:00-05:00,2023-12-11 13:00:00-05:00,short,4609.5,4599.75,0.21134774833360429,4613.25,4618.125,4618.125,4598.625,3,-0.1056,-0.1172,stop,2023-12
2023-12-12,2023-12-12 11:00:00-05:00,2023-12-12 14:00:00-05:00,short,4626.5,4610.5,0.34547908232118757,4631.25,4639.25,4639.25,4607.25,4,-0.1724,-0.184,stop,2023-12
2023-12-14,2023-12-14 13:00:00-05:00,2023-12-14 13:00:00-05:00,long,4739.25,4724.25,0.3176788267062,4721.75,4714.25,4714.25,4744.25,1,-0.1588,-0.1704,stop,2023-12
2023-12-18,2023-12-18 12:00:00-05:00,2023-12-18 12:00:00-05:00,short,4786.75,4778.75,0.16692749087115286,4792.5,4796.5,4796.5,4780.5,1,-0.0834,-0.095,stop,2023-12
2023-12-19,2023-12-19 11:00:00-05:00,2023-12-19 14:00:00-05:00,short,4808.75,4796.5,0.2545322320918394,4812.75,4813.5,4818.875,4794.375,0,-0.0156,-0.0272,eod,2023-12
2023-12-20,2023-12-20 11:00:00-05:00,2023-12-20 12:00:00-05:00,short,4817.75,4807.5,0.21243523316062177,4825.0,4830.125,4830.125,4809.625,2,-0.1061,-0.1177,stop,2023-12
2023-12-21,2023-12-21 11:00:00-05:00,2023-12-21 11:00:00-05:00,long,4790.25,4780.0,0.21446879740545066,4779.25,4774.125,4774.125,4794.625,1,-0.1072,-0.1188,stop,2023-12
2023-12-26,2023-12-26 11:00:00-05:00,2023-12-26 12:00:00-05:00,short,4816.25,4808.0,0.17125064867669954,4817.5,4821.625,4821.625,4805.125,2,-0.0856,-0.0972,stop,2023-12
2023-12-29,2023-12-29 11:00:00-05:00,2023-12-29 11:00:00-05:00,long,4833.5,4827.0,0.13488275575845612,4819.0,4815.75,4815.75,4828.75,1,-0.0674,-0.079,stop,2023-12
2024-01-02,2024-01-02 12:00:00-05:00,2024-01-02 14:00:00-05:00,short,4789.75,4774.0,0.3286213551718742,4792.75,4769.75,4800.625,4769.125,0,0.4822,0.4706,eod,2024-01
2024-01-03,2024-01-03 11:00:00-05:00,2024-01-03 14:00:00-05:00,long,4768.0,4756.0,0.2524588439488771,4753.25,4771.25,4747.25,4771.25,4,0.3787,0.3671,target,2024-01
2024-01-04,2024-01-04 11:00:00-05:00,2024-01-04 11:00:00-05:00,short,4749.5,4737.0,0.26286735713159143,4755.25,4761.5,4761.5,4736.5,1,-0.1313,-0.1429,stop,2024-01
2024-01-05,2024-01-05 11:00:00-05:00,2024-01-05 13:00:00-05:00,short,4741.5,4719.25,0.46770718377213727,4757.25,4723.875,4768.375,4723.875,3,0.7065,0.6949,target,2024-01
2024-01-08,2024-01-08 11:00:00-05:00,2024-01-08 12:00:00-05:00,short,4752.75,4732.75,0.42027843446283164,4758.75,4768.75,4768.75,4728.75,2,-0.2097,-0.2213,stop,2024-01
2024-01-09,2024-01-09 12:00:00-05:00,2024-01-09 13:00:00-05:00,short,4776.25,4767.5,0.18241517694272164,4796.75,4801.125,4801.125,4783.625,2,-0.0911,-0.1027,stop,2024-01
2024-01-10,2024-01-10 13:00:00-05:00,2024-01-10 14:00:00-05:00,short,4807.25,4787.75,0.4055951328584057,4807.75,4817.5,4817.5,4778.5,2,-0.2024,-0.214,stop,2024-01
2024-01-11,2024-01-11 11:00:00-05:00,2024-01-11 11:00:00-05:00,long,4832.25,4806.5,0.537550232242576,4790.25,4777.375,4777.375,4828.875,1,-0.2688,-0.2804,stop,2024-01
2024-01-12,2024-01-12 11:00:00-05:00,2024-01-12 14:00:00-05:00,long,4836.5,4813.0,0.4887687188019967,4808.0,4812.75,4796.25,4843.25,0,0.0988,0.0872,eod,2024-01
2024-01-16,2024-01-16 11:00:00-05:00,2024-01-16 14:00:00-05:00,short,4805.5,4783.5,0.4572616263964666,4811.25,4792.0,4822.25,4778.25,0,0.4017,0.3901,eod,2024-01
2024-01-17,2024-01-17 14:00:00-05:00,2024-01-17 14:00:00-05:00,long,4771.75,4758.0,0.2892149129726035,4754.25,4762.5,4747.375,4774.875,0,0.1735,0.1619,eod,2024-01
2024-01-18,2024-01-18 13:00:00-05:00,2024-01-18 13:00:00-05:00,long,4792.5,4779.75,0.2668759811616954,4777.5,4771.125,4771.125,4796.625,1,-0.1334,-0.145,stop,2024-01
2024-01-19,2024-01-19 12:00:00-05:00,2024-01-19 12:00:00-05:00,short,4832.25,4815.0,0.35677352637021714,4835.0,4843.625,4843.625,4809.125,1,-0.1781,-0.1897,stop,2024-01
2024-01-22,2024-01-22 11:00:00-05:00,2024-01-22 13:00:00-05:00,long,4898.0,4883.0,0.30728259756222476,4881.5,4874.0,4874.0,4904.0,3,-0.1536,-0.1652,stop,2024-01
2024-01-23,2024-01-23 11:00:00-05:00,2024-01-23 14:00:00-05:00,long,4889.25,4880.5,0.17938598739172773,4877.75,4888.75,4873.375,4890.875,0,0.2255,0.2139,eod,2024-01
2024-01-24,2024-01-24 11:00:00-05:00,2024-01-24 11:00:00-05:00,short,4923.75,4914.75,0.18275039342098584,4924.75,4929.25,4929.25,4911.25,1,-0.0913,-0.1029,stop,2024-01
2024-01-25,2024-01-25 13:00:00-05:00,2024-01-25 13:00:00-05:00,long,4920.5,4910.75,0.19863502088214324,4908.5,4903.625,4903.625,4923.125,1,-0.0993,-0.1109,stop,2024-01
2024-01-26,2024-01-26 11:00:00-05:00,2024-01-26 12:00:00-05:00,short,4926.75,4913.5,0.26858561800030406,4933.25,4913.375,4939.875,4913.375,2,0.4045,0.3929,target,2024-01
2024-01-29,2024-01-29 11:00:00-05:00,2024-01-29 12:00:00-05:00,long,4923.0,4914.75,0.16787912702853947,4914.25,4926.625,4910.125,4926.625,2,0.2518,0.2402,target,2024-01
2024-01-30,2024-01-30 12:00:00-05:00,2024-01-30 14:00:00-05:00,short,4953.75,4942.0,0.23717010647423928,4954.25,4954.5,4960.125,4936.625,0,-0.005,-0.0166,eod,2024-01
2024-01-31,2024-01-31 11:00:00-05:00,2024-01-31 14:00:00-05:00,long,4930.5,4914.5,0.32606480538006927,4907.0,4899.0,4899.0,4931.0,4,-0.163,-0.1746,stop,2024-01
2024-02-01,2024-02-01 11:00:00-05:00,2024-02-01 12:00:00-05:00,long,4894.75,4880.5,0.29215786776012304,4877.5,4898.875,4870.375,4898.875,2,0.4382,0.4266,target,2024-02
2024-02-02,2024-02-02 11:00:00-05:00,2024-02-02 11:00:00-05:00,short,4945.75,4925.75,0.4033477866290209,4958.5,4968.5,4968.5,4928.5,1,-0.2013,-0.2129,stop,2024-02
2024-02-05,2024-02-05 11:00:00-05:00,2024-02-05 12:00:00-05:00,long,4973.0,4963.75,0.18710493046776233,4943.75,4957.625,4939.125,4957.625,2,0.2807,0.2691,target,2024-02
2024-02-06,2024-02-06 11:00:00-05:00,2024-02-06 12:00:00-05:00,long,4978.25,4964.5,0.27705017126737863,4963.0,4956.125,4956.125,4983.625,2,-0.1385,-0.1501,stop,2024-02
2024-02-07,2024-02-07 11:00:00-05:00,2024-02-07 11:00:00-05:00,short,4999.25,4988.0,0.22467422237755252,5007.25,5012.875,5012.875,4990.375,1,-0.1122,-0.1238,stop,2024-02
2024-02-08,2024-02-08 13:00:00-05:00,2024-02-08 14:00:00-05:00,long,5016.0,5008.75,0.14476114411221486,5008.25,5014.75,5004.625,5019.125,0,0.1298,0.1182,eod,2024-02
2024-02-09,2024-02-09 13:00:00-05:00,2024-02-09 14:00:00-05:00,short,5030.75,5016.25,0.2879126334077935,5036.25,5043.5,5043.5,5014.5,2,-0.1437,-0.1553,stop,2024-02
2024-02-12,2024-02-12 11:00:00-05:00,2024-02-12 11:00:00-05:00,short,5045.75,5039.5,0.12370725914196644,5052.25,5055.375,5055.375,5042.875,1,-0.0618,-0.0734,stop,2024-02
2024-02-13,2024-02-13 14:00:00-05:00,2024-02-13 14:00:00-05:00,long,4981.75,4966.0,0.3172045717738281,4965.25,4957.375,4957.375,4988.875,1,-0.1586,-0.1702,stop,2024-02
2024-02-14,2024-02-14 12:00:00-05:00,2024-02-14 12:00:00-05:00,long,5002.25,4986.75,0.31108881083793277,4982.5,4974.75,4974.75,5005.75,1,-0.1555,-0.1671,stop,2024-02
2024-02-15,2024-02-15 14:00:00-05:00,2024-02-15 14:00:00-05:00,short,5030.0,5016.25,0.27280392837656864,5040.25,5047.125,5047.125,5019.625,1,-0.1362,-0.1478,stop,2024-02
2024-02-16,2024-02-16 12:00:00-05:00,2024-02-16 14:00:00-05:00,short,5045.25,5018.5,0.5299128367670365,5048.0,5031.25,5061.375,5007.875,0,0.3329,0.3213,eod,2024-02
2024-02-20,2024-02-20 12:00:00-05:00,2024-02-20 12:00:00-05:00,long,5009.25,4986.0,0.46668004817342434,4982.0,4970.375,4970.375,5016.875,1,-0.2333,-0.2449,stop,2024-02
2024-02-21,2024-02-21 12:00:00-05:00,2024-02-21 12:00:00-05:00,short,4980.75,4973.0,0.15550539252570855,4983.75,4972.125,4987.625,4972.125,1,0.2338,0.2222,target,2024-02
2024-02-22,2024-02-22 13:00:00-05:00,2024-02-22 14:00:00-05:00,short,5076.75,5052.25,0.48161981521525454,5087.0,5099.25,5099.25,5050.25,2,-0.2402,-0.2518,stop,2024-02
2024-02-23,2024-02-23 12:00:00-05:00,2024-02-23 14:00:00-05:00,long,5123.5,5106.75,0.32801331636150005,5106.5,5098.125,5098.125,5131.625,3,-0.164,-0.1756,stop,2024-02
2024-02-26,2024-02-26 11:00:00-05:00,2024-02-26 13:00:00-05:00,long,5108.0,5097.75,0.20115788440781082,5095.5,5090.375,5090.375,5110.875,3,-0.1006,-0.1122,stop,2024-02
2024-02-27,2024-02-27 13:00:00-05:00,2024-02-27 14:00:00-05:00,long,5089.0,5074.75,0.28106508875739644,5070.0,5086.25,5062.875,5091.375,0,0.3205,0.3089,eod,2024-02
2024-02-28,2024-02-28 11:00:00-05:00,2024-02-28 14:00:00-05:00,short,5077.25,5068.5,0.17210857592446893,5084.0,5077.5,5088.375,5070.875,0,0.128,0.1164,eod,2024-02
2024-02-29,2024-02-29 11:00:00-05:00,2024-02-29 11:00:00-05:00,long,5105.5,5095.25,0.20131591868800944,5091.5,5086.375,5086.375,5106.875,1,-0.1007,-0.1123,stop,2024-02
2024-03-01,2024-03-01 11:00:00-05:00,2024-03-01 11:00:00-05:00,short,5111.75,5100.5,0.21960860865745938,5122.75,5128.375,5128.375,5105.875,1,-0.1097,-0.1213,stop,2024-03
2024-03-04,2024-03-04 11:00:00-05:00,2024-03-04 12:00:00-05:00,short,5141.5,5132.0,0.18475301439128744,5142.0,5146.75,5146.75,5127.75,2,-0.0923,-0.1039,stop,2024-03
2024-03-05,2024-03-05 11:00:00-05:00,2024-03-05 11:00:00-05:00,long,5117.5,5107.25,0.20116775428094796,5095.25,5090.125,5090.125,5110.625,1,-0.1006,-0.1122,stop,2024-03
2024-03-06,2024-03-06 12:00:00-05:00,2024-03-06 12:00:00-05:00,short,5122.25,5110.0,0.23897776043698787,5126.0,5132.125,5132.125,5107.625,1,-0.1193,-0.1309,stop,2024-03
2024-03-07,2024-03-07 11:00:00-05:00,2024-03-07 13:00:00-05:00,short,5148.0,5131.25,0.32492725509214354,5155.0,5163.375,5163.375,5129.875,3,-0.1622,-0.1738,stop,2024-03
2024-03-08,2024-03-08 12:00:00-05:00,2024-03-08 12:00:00-05:00,long,5188.75,5160.75,0.5436365401417338,5150.5,5136.5,5136.5,5192.5,1,-0.2718,-0.2834,stop,2024-03
2024-03-11,2024-03-11 13:00:00-04:00,2024-03-11 14:00:00-04:00,short,5119.0,5103.75,0.2978515625,5120.0,5127.625,5127.625,5097.125,2,-0.1487,-0.1603,stop,2024-03
2024-03-12,2024-03-12 11:00:00-04:00,2024-03-12 14:00:00-04:00,short,5147.5,5117.75,0.575546527374734,5169.0,5177.0,5183.875,5124.375,0,-0.1545,-0.1661,eod,2024-03
2024-03-14,2024-03-14 13:00:00-04:00,2024-03-14 14:00:00-04:00,long,5181.75,5145.25,0.7094266277939748,5145.0,5145.0,5126.75,5199.75,0,0.0,-0.0116,eod,2024-03
2024-03-18,2024-03-18 11:00:00-04:00,2024-03-18 14:00:00-04:00,short,5233.75,5220.75,0.2482455721583043,5236.75,5217.25,5243.25,5217.25,4,0.3738,0.3622,target,2024-03
2024-03-19,2024-03-19 12:00:00-04:00,2024-03-19 12:00:00-04:00,short,5206.5,5195.25,0.21570319240724764,5215.5,5221.125,5221.125,5198.625,1,-0.1077,-0.1193,stop,2024-03
2024-03-20,2024-03-20 13:00:00-04:00,2024-03-20 14:00:00-04:00,short,5243.5,5235.25,0.15732265446224256,5244.0,5248.125,5248.125,5231.625,2,-0.0786,-0.0902,stop,2024-03
2024-03-22,2024-03-22 11:00:00-04:00,2024-03-22 14:00:00-04:00,long,5304.75,5294.0,0.20320400737205238,5290.25,5301.75,5284.875,5306.375,0,0.2174,0.2058,eod,2024-03
2024-03-25,2024-03-25 11:00:00-04:00,2024-03-25 14:00:00-04:00,short,5282.5,5274.25,0.15610217596972564,5285.0,5287.25,5289.125,5272.625,0,-0.0426,-0.0542,eod,2024-03
2024-03-26,2024-03-26 14:00:00-04:00,2024-03-26 14:00:00-04:00,long,5292.5,5285.5,0.1324565968115805,5284.75,5281.25,5281.25,5295.25,1,-0.0662,-0.0778,stop,2024-03
2024-03-27,2024-03-27 11:00:00-04:00,2024-03-27 14:00:00-04:00,long,5294.5,5283.0,0.2180508153204399,5274.0,5280.0,5268.25,5291.25,0,0.1138,0.1022,eod,2024-03
2024-03-28,2024-03-28 12:00:00-04:00,2024-03-28 14:00:00-04:00,short,5314.5,5305.0,0.17874782445082082,5314.75,5316.5,5319.5,5300.5,0,-0.0329,-0.0445,eod,2024-03
2024-04-01,2024-04-01 11:00:00-04:00,2024-04-01 11:00:00-04:00,long,5317.25,5307.75,0.17938066465256797,5296.0,5291.25,5291.25,5310.25,1,-0.0897,-0.1013,stop,2024-04
2024-04-03,2024-04-03 11:00:00-04:00,2024-04-03 14:00:00-04:00,short,5257.0,5244.5,0.23684335180711477,5277.75,5270.5,5284.0,5259.0,0,0.1376,0.126,eod,2024-04
2024-04-04,2024-04-04 14:00:00-04:00,2024-04-04 14:00:00-04:00,long,5307.0,5295.25,0.2222222222222222,5287.5,5281.625,5281.625,5305.125,1,-0.1111,-0.1227,stop,2024-04
2024-04-05,2024-04-05 11:00:00-04:00,2024-04-05 11:00:00-04:00,short,5231.25,5205.25,0.4954268292682927,5248.0,5261.0,5261.0,5209.0,1,-0.2471,-0.2587,stop,2024-04
2024-04-08,2024-04-08 11:00:00-04:00,2024-04-08 14:00:00-04:00,short,5266.75,5246.5,0.3844693373837099,5267.0,5259.5,5277.125,5236.625,0,0.1426,0.131,eod,2024-04
2024-04-09,2024-04-09 11:00:00-04:00,2024-04-09 14:00:00-04:00,long,5274.25,5254.0,0.38789387989656166,5220.5,5231.5,5210.375,5250.875,0,0.2107,0.1991,eod,2024-04
2024-04-11,2024-04-11 11:00:00-04:00,2024-04-11 13:00:00-04:00,long,5222.5,5202.25,0.3898916967509025,5193.75,5224.125,5183.625,5224.125,3,0.5848,0.5732,target,2024-04
2024-04-12,2024-04-12 11:00:00-04:00,2024-04-12 12:00:00-04:00,long,5218.75,5194.25,0.47272201051565294,5182.75,5170.5,5170.5,5219.5,2,-0.2364,-0.248,stop,2024-04
2024-04-15,2024-04-15 11:00:00-04:00,2024-04-15 12:00:00-04:00,long,5213.25,5201.75,0.222415627115366,5170.5,5164.75,5164.75,5187.75,2,-0.1112,-0.1228,stop,2024-04
2024-04-17,2024-04-17 11:00:00-04:00,2024-04-17 11:00:00-04:00,long,5120.5,5106.75,0.2703898530062436,5085.25,5078.375,5078.375,5105.875,1,-0.1352,-0.1468,stop,2024-04
2024-04-18,2024-04-18 11:00:00-04:00,2024-04-18 13:00:00-04:00,short,5077.25,5050.75,0.5208589258513096,5087.75,5048.0,5101.0,5048.0,3,0.7874,0.7758,target,2024-04
2024-04-19,2024-04-19 11:00:00-04:00,2024-04-19 11:00:00-04:00,long,5058.0,5038.25,0.39202064311234613,5038.0,5028.125,5028.125,5067.625,1,-0.196,-0.2076,stop,2024-04
2024-04-22,2024-04-22 11:00:00-04:00,2024-04-22 11:00:00-04:00,long,5034.75,5019.25,0.3091498379456495,5013.75,5006.0,5006.0,5037.0,1,-0.1546,-0.1662,stop,2024-04
2024-04-23,2024-04-23 11:00:00-04:00,2024-04-23 14:00:00-04:00,short,5088.75,5063.75,0.48978792182984765,5104.25,5109.25,5116.75,5066.75,0,-0.0979,-0.1095,eod,2024-04
2024-04-24,2024-04-24 11:00:00-04:00,2024-04-24 11:00:00-04:00,long,5124.75,5108.5,0.3184401332549481,5103.0,5094.875,5094.875,5127.375,1,-0.1592,-0.1708,stop,2024-04
2024-04-25,2024-04-25 12:00:00-04:00,2024-04-25 12:00:00-04:00,short,5047.5,5026.0,0.4257214989356962,5050.25,5061.0,5061.0,5018.0,1,-0.2124,-0.224,stop,2024-04
2024-04-26,2024-04-26 11:00:00-04:00,2024-04-26 14:00:00-04:00,short,5130.25,5104.5,0.5013873338850217,5135.75,5141.5,5148.625,5097.125,0,-0.1118,-0.1234,eod,2024-04
2024-04-30,2024-04-30 12:00:00-04:00,2024-04-30 12:00:00-04:00,long,5141.25,5124.0,0.33750733711602426,5111.0,5102.375,5102.375,5136.875,1,-0.1688,-0.1804,stop,2024-04
2024-05-01,2024-05-01 12:00:00-04:00,2024-05-01 14:00:00-04:00,long,5062.25,5048.0,0.2823739225205588,5046.5,5067.875,5039.375,5067.875,3,0.4236,0.412,target,2024-05
2024-05-03,2024-05-03 11:00:00-04:00,2024-05-03 14:00:00-04:00,long,5161.5,5137.25,0.4724332748879797,5133.0,5157.0,5120.875,5169.375,0,0.4676,0.456,eod,2024-05
2024-05-06,2024-05-06 12:00:00-04:00,2024-05-06 13:00:00-04:00,short,5184.75,5173.25,0.2217936354869817,5185.0,5190.75,5190.75,5167.75,2,-0.1108,-0.1224,stop,2024-05
2024-05-07,2024-05-07 11:00:00-04:00,2024-05-07 13:00:00-04:00,short,5220.25,5212.25,0.15318334131163236,5222.5,5226.5,5226.5,5210.5,3,-0.0765,-0.0881,stop,2024-05
2024-05-08,2024-05-08 11:00:00-04:00,2024-05-08 14:00:00-04:00,short,5205.25,5191.0,0.27330264672036825,5214.0,5210.0,5221.125,5192.625,0,0.0768,0.0652,eod,2024-05
2024-05-09,2024-05-09 11:00:00-04:00,2024-05-09 14:00:00-04:00,short,5216.25,5204.25,0.22948938611589212,5229.0,5235.0,5235.0,5211.0,4,-0.1146,-0.1262,stop,2024-05
2024-05-10,2024-05-10 11:00:00-04:00,2024-05-10 11:00:00-04:00,long,5264.0,5249.5,0.2766119801602442,5242.0,5234.75,5234.75,5263.75,1,-0.1383,-0.1499,stop,2024-05
2024-05-13,2024-05-13 12:00:00-04:00,2024-05-13 13:00:00-04:00,long,5264.0,5247.25,0.31924524705770235,5246.75,5238.375,5238.375,5271.875,2,-0.1596,-0.1712,stop,2024-05
2024-05-14,2024-05-14 11:00:00-04:00,2024-05-14 14:00:00-04:00,short,5252.75,5240.25,0.23794793699138628,5253.25,5259.5,5259.5,5234.5,4,-0.1188,-0.1304,stop,2024-05
2024-05-15,2024-05-15 11:00:00-04:00,2024-05-15 11:00:00-04:00,short,5303.25,5286.75,0.3109247656286805,5306.75,5315.0,5315.0,5282.0,1,-0.1552,-0.1668,stop,2024-05
2024-05-16,2024-05-16 11:00:00-04:00,2024-05-16 12:00:00-04:00,short,5336.75,5330.0,0.12622720897615708,5347.5,5337.375,5350.875,5337.375,2,0.1897,0.1781,target,2024-05
2024-05-20,2024-05-20 11:00:00-04:00,2024-05-20 14:00:00-04:00,short,5345.0,5326.75,0.34144059869036486,5345.0,5331.0,5354.125,5317.625,0,0.2626,0.251,eod,2024-05
2024-05-21,2024-05-21 11:00:00-04:00,2024-05-21 11:00:00-04:00,short,5329.75,5322.5,0.13588866501101166,5335.25,5338.875,5338.875,5324.375,1,-0.0679,-0.0795,stop,2024-05
2024-05-22,2024-05-22 14:00:00-04:00,2024-05-22 14:00:00-04:00,long,5343.0,5335.0,0.15006565372350403,5331.0,5327.0,5327.0,5343.0,1,-0.075,-0.0866,stop,2024-05
2024-05-23,2024-05-23 11:00:00-04:00,2024-05-23 13:00:00-04:00,long,5365.25,5322.25,0.8086126651309293,5317.75,5296.25,5296.25,5382.25,3,-0.4043,-0.4159,stop,2024-05
2024-05-24,2024-05-24 11:00:00-04:00,2024-05-24 11:00:00-04:00,short,5307.0,5294.75,0.23040391216438616,5316.75,5322.875,5322.875,5298.375,1,-0.1151,-0.1267,stop,2024-05
2024-05-28,2024-05-28 14:00:00-04:00,2024-05-28 14:00:00-04:00,long,5331.25,5317.25,0.26345502446368085,5314.0,5307.0,5307.0,5335.0,1,-0.1317,-0.1433,stop,2024-05
2024-05-29,2024-05-29 11:00:00-04:00,2024-05-29 14:00:00-04:00,short,5289.25,5278.75,0.19828155981493722,5295.5,5287.0,5300.75,5279.75,0,0.1608,0.1492,eod,2024-05
2024-05-30,2024-05-30 11:00:00-04:00,2024-05-30 13:00:00-04:00,long,5274.25,5263.25,0.20919507440688442,5258.25,5274.75,5252.75,5274.75,3,0.3138,0.3022,target,2024-05
2024-05-31,2024-05-31 11:00:00-04:00,2024-05-31 11:00:00-04:00,long,5270.25,5251.25,0.3632539910142434,5230.5,5221.0,5221.0,5259.0,1,-0.1816,-0.1932,stop,2024-05
2024-06-03,2024-06-03 11:00:00-04:00,2024-06-03 12:00:00-04:00,long,5313.25,5295.0,0.3455457729811606,5281.5,5272.375,5272.375,5308.875,2,-0.1728,-0.1844,stop,2024-06
2024-06-04,2024-06-04 12:00:00-04:00,2024-06-04 12:00:00-04:00,long,5288.5,5277.75,0.2038880986249407,5272.5,5288.625,5267.125,5288.625,1,0.3058,0.2942,target,2024-06
2024-06-05,2024-06-05 11:00:00-04:00,2024-06-05 11:00:00-04:00,short,5328.5,5314.75,0.2580100389360604,5329.25,5336.125,5336.125,5308.625,1,-0.1288,-0.1404,stop,2024-06
2024-06-06,2024-06-06 12:00:00-04:00,2024-06-06 12:00:00-04:00,long,5373.25,5362.25,0.20521430903409354,5360.25,5354.75,5354.75,5376.75,1,-0.1026,-0.1142,stop,2024-06
2024-06-07,2024-06-07 11:00:00-04:00,2024-06-07 13:00:00-04:00,short,5359.5,5337.5,0.40970250011639275,5369.75,5380.75,5380.75,5336.75,3,-0.2044,-0.216,stop,2024-06
2024-06-10,2024-06-10 11:00:00-04:00,2024-06-10 11:00:00-04:00,short,5348.25,5341.0,0.13544439773947972,5352.75,5356.375,5356.375,5341.875,1,-0.0677,-0.0793,stop,2024-06
2024-06-11,2024-06-11 11:00:00-04:00,2024-06-11 14:00:00-04:00,short,5358.75,5334.5,0.45231988808580087,5361.25,5373.375,5373.375,5324.875,4,-0.2256,-0.2372,stop,2024-06
2024-06-12,2024-06-12 11:00:00-04:00,2024-06-12 14:00:00-04:00,short,5443.5,5426.0,0.321410533082327,5444.75,5438.5,5453.5,5418.5,0,0.1149,0.1033,eod,2024-06
2024-06-13,2024-06-13 11:00:00-04:00,2024-06-13 12:00:00-04:00,long,5445.5,5430.0,0.28608342561830935,5418.0,5410.25,5410.25,5441.25,2,-0.143,-0.1546,stop,2024-06
2024-06-14,2024-06-14 13:00:00-04:00,2024-06-14 14:00:00-04:00,short,5426.25,5412.5,0.2533044719753143,5428.25,5430.75,5435.125,5407.625,0,-0.046,-0.0576,eod,2024-06
2024-06-17,2024-06-17 11:00:00-04:00,2024-06-17 11:00:00-04:00,short,5433.75,5424.75,0.16549441456350847,5438.25,5442.75,5442.75,5424.75,1,-0.0827,-0.0943,stop,2024-06
2024-06-20,2024-06-20 12:00:00-04:00,2024-06-20 12:00:00-04:00,long,5508.25,5495.0,0.24132592660049174,5490.5,5483.875,5483.875,5510.375,1,-0.1207,-0.1323,stop,2024-06
2024-06-24,2024-06-24 11:00:00-04:00,2024-06-24 14:00:00-04:00,short,5547.0,5525.75,0.38298639271875284,5548.5,5530.75,5559.125,5516.625,0,0.3209,0.3093,eod,2024-06
2024-06-25,2024-06-25 13:00:00-04:00,2024-06-25 14:00:00-04:00,long,5530.75,5517.5,0.24018852533309165,5516.5,5531.5,5509.875,5536.375,0,0.2719,0.2603,eod,2024-06
2024-06-26,2024-06-26 12:00:00-04:00,2024-06-26 14:00:00-04:00,short,5530.25,5518.0,0.2211291123245634,5539.75,5532.0,5545.875,5521.375,0,0.1401,0.1285,eod,2024-06
2024-06-28,2024-06-28 11:00:00-04:00,2024-06-28 12:00:00-04:00,short,5563.75,5547.75,0.28735632183908044,5568.0,5544.0,5576.0,5544.0,2,0.4329,0.4213,target,2024-06
2024-07-01,2024-07-01 11:00:00-04:00,2024-07-01 14:00:00-04:00,long,5539.25,5521.0,0.3310207228041537,5513.25,5528.0,5504.125,5540.625,0,0.2675,0.2559,eod,2024-07
2024-07-02,2024-07-02 11:00:00-04:00,2024-07-02 13:00:00-04:00,short,5535.75,5511.0,0.4470333243023571,5536.5,5548.875,5548.875,5499.375,3,-0.223,-0.2346,stop,2024-07
2024-07-03,2024-07-03 11:30:00-04:00,2024-07-03 12:30:00-04:00,short,5574.0,5560.75,0.23762553802008607,5576.0,5582.625,5582.625,5556.125,2,-0.1187,-0.1303,stop,2024-07
2024-07-05,2024-07-05 12:00:00-04:00,2024-07-05 13:00:00-04:00,short,5600.25,5588.25,0.2138751503809651,5610.75,5616.75,5616.75,5592.75,2,-0.1068,-0.1184,stop,2024-07
2024-07-08,2024-07-08 12:00:00-04:00,2024-07-08 12:00:00-04:00,long,5637.5,5625.75,0.20887032263798774,5625.5,5619.625,5619.625,5643.125,1,-0.1044,-0.116,stop,2024-07
2024-07-10,2024-07-10 12:00:00-04:00,2024-07-10 12:00:00-04:00,short,5646.5,5640.5,0.1061665044678404,5651.5,5654.5,5654.5,5642.5,1,-0.0531,-0.0647,stop,2024-07
2024-07-11,2024-07-11 11:00:00-04:00,2024-07-11 11:00:00-04:00,long,5692.25,5680.5,0.20770726533498324,5657.0,5651.125,5651.125,5674.625,1,-0.1039,-0.1155,stop,2024-07
2024-07-12,2024-07-12 11:00:00-04:00,2024-07-12 13:00:00-04:00,short,5660.75,5640.5,0.3563572371315442,5682.5,5692.625,5692.625,5652.125,3,-0.1779,-0.1895,stop,2024-07
2024-07-15,2024-07-15 11:00:00-04:00,2024-07-15 11:00:00-04:00,short,5698.0,5683.25,0.2584658518421168,5706.75,5714.125,5714.125,5684.625,1,-0.1291,-0.1407,stop,2024-07
2024-07-17,2024-07-17 11:00:00-04:00,2024-07-17 12:00:00-04:00,long,5672.75,5652.75,0.35398230088495575,5650.0,5640.0,5640.0,5680.0,2,-0.177,-0.1886,stop,2024-07
2024-07-18,2024-07-18 11:00:00-04:00,2024-07-18 11:00:00-04:00,long,5658.25,5643.25,0.2661698163428267,5635.5,5628.0,5628.0,5658.0,1,-0.1331,-0.1447,stop,2024-07
2024-07-19,2024-07-19 11:00:00-04:00,2024-07-19 11:00:00-04:00,long,5604.75,5581.5,0.4170216582216045,5575.25,5563.625,5563.625,5610.125,1,-0.2085,-0.2201,stop,2024-07
2024-07-22,2024-07-22 12:00:00-04:00,2024-07-22 14:00:00-04:00,long,5607.75,5585.75,0.3942475695533354,5580.25,5613.25,5569.25,5613.25,3,0.5914,0.5798,target,2024-07
2024-07-23,2024-07-23 12:00:00-04:00,2024-07-23 14:00:00-04:00,short,5620.75,5603.5,0.30669392834918663,5624.5,5613.0,5633.125,5598.625,0,0.2049,0.1933,eod,2024-07
2024-07-24,2024-07-24 11:00:00-04:00,2024-07-24 11:00:00-04:00,long,5551.75,5522.75,0.5258147862744209,5515.25,5500.75,5500.75,5558.75,1,-0.2629,-0.2745,stop,2024-07
2024-07-25,2024-07-25 11:00:00-04:00,2024-07-25 11:00:00-04:00,short,5475.5,5454.0,0.39190667152752456,5486.0,5496.75,5496.75,5453.75,1,-0.1956,-0.2072,stop,2024-07
2024-07-26,2024-07-26 11:00:00-04:00,2024-07-26 11:00:00-04:00,short,5487.0,5470.0,0.30966801766929275,5489.75,5498.25,5498.25,5464.25,1,-0.1546,-0.1662,stop,2024-07
2024-07-29,2024-07-29 11:00:00-04:00,2024-07-29 11:00:00-04:00,long,5522.75,5501.5,0.38652175890136875,5497.75,5487.125,5487.125,5529.625,1,-0.1933,-0.2049,stop,2024-07
2024-07-30,2024-07-30 11:00:00-04:00,2024-07-30 11:00:00-04:00,long,5527.5,5511.5,0.29131958669033636,5492.25,5484.25,5484.25,5516.25,1,-0.1457,-0.1573,stop,2024-07
2024-07-31,2024-07-31 11:00:00-04:00,2024-07-31 11:00:00-04:00,short,5547.75,5528.75,0.3417727211404416,5559.25,5568.75,5568.75,5530.75,1,-0.1706,-0.1822,stop,2024-07
2024-08-01,2024-08-01 11:00:00-04:00,2024-08-01 11:00:00-04:00,long,5600.75,5573.25,0.497602460870352,5526.5,5512.75,5512.75,5567.75,1,-0.2488,-0.2604,stop,2024-08
2024-08-02,2024-08-02 11:00:00-04:00,2024-08-02 14:00:00-04:00,long,5417.25,5386.0,0.5853430110044486,5338.75,5355.0,5323.125,5385.625,0,0.3044,0.2928,eod,2024-08
2024-08-05,2024-08-05 12:00:00-04:00,2024-08-05 14:00:00-04:00,short,5220.5,5145.75,1.4244878513577894,5247.5,5200.75,5284.875,5135.375,0,0.8989,0.8873,eod,2024-08
2024-08-06,2024-08-06 11:00:00-04:00,2024-08-06 12:00:00-04:00,short,5268.25,5221.75,0.8778139600736231,5297.25,5320.5,5320.5,5227.5,2,-0.437,-0.4486,stop,2024-08
2024-08-07,2024-08-07 13:00:00-04:00,2024-08-07 13:00:00-04:00,long,5354.75,5319.0,0.6754203665218212,5293.0,5275.125,5275.125,5346.625,1,-0.3377,-0.3493,stop,2024-08
2024-08-08,2024-08-08 11:00:00-04:00,2024-08-08 13:00:00-04:00,short,5292.5,5261.5,0.5822142924218237,5324.5,5340.0,5340.0,5278.0,3,-0.2903,-0.3019,stop,2024-08
2024-08-09,2024-08-09 11:00:00-04:00,2024-08-09 13:00:00-04:00,short,5351.0,5324.75,0.49019607843137253,5355.0,5368.125,5368.125,5315.625,3,-0.2445,-0.2561,stop,2024-08
2024-08-12,2024-08-12 11:00:00-04:00,2024-08-12 14:00:00-04:00,short,5384.5,5347.75,0.6816284892886951,5391.5,5370.75,5409.875,5336.375,0,0.3864,0.3748,eod,2024-08
2024-08-13,2024-08-13 12:00:00-04:00,2024-08-13 12:00:00-04:00,short,5423.0,5394.25,0.5295878425051808,5428.75,5443.125,5443.125,5385.625,1,-0.2641,-0.2757,stop,2024-08
2024-08-14,2024-08-14 12:00:00-04:00,2024-08-14 14:00:00-04:00,short,5470.25,5450.5,0.3600729261622607,5485.0,5481.0,5494.875,5455.375,0,0.073,0.0614,eod,2024-08
2024-08-15,2024-08-15 11:00:00-04:00,2024-08-15 11:00:00-04:00,short,5540.75,5523.25,0.31547163008698004,5547.25,5556.0,5556.0,5521.0,1,-0.1575,-0.1691,stop,2024-08
2024-08-16,2024-08-16 12:00:00-04:00,2024-08-16 12:00:00-04:00,short,5561.75,5541.5,0.36360371683799436,5569.25,5579.375,5579.375,5538.875,1,-0.1815,-0.1931,stop,2024-08
2024-08-19,2024-08-19 11:00:00-04:00,2024-08-19 11:00:00-04:00,short,5590.0,5580.25,0.17409159896437817,5600.5,5605.375,5605.375,5585.875,1,-0.087,-0.0986,stop,2024-08
2024-08-20,2024-08-20 11:00:00-04:00,2024-08-20 13:00:00-04:00,long,5643.75,5625.5,0.3248053392658509,5618.75,5609.625,5609.625,5646.125,3,-0.1624,-0.174,stop,2024-08
2024-08-21,2024-08-21 11:00:00-04:00,2024-08-21 11:00:00-04:00,long,5638.25,5627.5,0.19108563302670756,5625.75,5620.375,5620.375,5641.875,1,-0.0955,-0.1071,stop,2024-08
2024-08-22,2024-08-22 11:00:00-04:00,2024-08-22 11:00:00-04:00,long,5665.25,5648.75,0.29265697055693507,5638.0,5629.75,5629.75,5662.75,1,-0.1463,-0.1579,stop,2024-08
2024-08-23,2024-08-23 11:00:00-04:00,2024-08-23 11:00:00-04:00,short,5630.25,5618.75,0.20404542228530873,5636.0,5641.75,5641.75,5618.75,1,-0.1019,-0.1135,stop,2024-08
2024-08-26,2024-08-26 11:00:00-04:00,2024-08-26 11:00:00-04:00,long,5669.0,5656.5,0.22161155925893095,5640.5,5634.25,5634.25,5659.25,1,-0.1108,-0.1224,stop,2024-08
2024-08-27,2024-08-27 11:00:00-04:00,2024-08-27 14:00:00-04:00,short,5631.25,5611.5,0.34988263430621375,5644.75,5644.5,5654.625,5615.125,0,0.0044,-0.0072,eod,2024-08
2024-08-28,2024-08-28 11:00:00-04:00,2024-08-28 11:00:00-04:00,long,5644.5,5633.75,0.19114509246088193,5624.0,5618.625,5618.625,5640.125,1,-0.0956,-0.1072,stop,2024-08
2024-08-29,2024-08-29 11:00:00-04:00,2024-08-29 11:00:00-04:00,short,5639.75,5620.5,0.3408436988181134,5647.75,5657.375,5657.375,5618.875,1,-0.1701,-0.1817,stop,2024-08
2024-08-30,2024-08-30 11:00:00-04:00,2024-08-30 11:00:00-04:00,long,5642.75,5625.5,0.3067757424862173,5623.0,5614.375,5614.375,5648.875,1,-0.1534,-0.165,stop,2024-08
2024-09-03,2024-09-03 11:00:00-04:00,2024-09-03 14:00:00-04:00,long,5633.0,5603.0,0.538092462221425,5575.25,5560.25,5560.25,5620.25,4,-0.269,-0.2806,stop,2024-09
2024-09-04,2024-09-04 11:00:00-04:00,2024-09-04 14:00:00-04:00,short,5546.5,5520.75,0.4631086731711704,5560.25,5521.625,5573.125,5521.625,4,0.6995,0.6879,target,2024-09
2024-09-05,2024-09-05 12:00:00-04:00,2024-09-05 13:00:00-04:00,long,5542.25,5521.5,0.37768474699672366,5494.0,5525.125,5483.625,5525.125,2,0.5665,0.5549,target,2024-09
2024-09-06,2024-09-06 11:00:00-04:00,2024-09-06 11:00:00-04:00,long,5532.5,5494.75,0.6940933118823259,5438.75,5419.875,5419.875,5495.375,1,-0.347,-0.3586,stop,2024-09
2024-09-09,2024-09-09 11:00:00-04:00,2024-09-09 11:00:00-04:00,long,5470.75,5454.0,0.30740995641202107,5448.75,5473.875,5440.375,5473.875,1,0.4611,0.4495,target,2024-09
2024-09-10,2024-09-10 11:00:00-04:00,2024-09-10 11:00:00-04:00,long,5501.25,5491.25,0.18248175182481752,5480.0,5475.0,5475.0,5495.0,1,-0.0912,-0.1028,stop,2024-09
2024-09-11,2024-09-11 11:00:00-04:00,2024-09-11 13:00:00-04:00,long,5507.5,5458.25,0.9079596257547127,5424.25,5498.125,5399.625,5498.125,3,1.3619,1.3503,target,2024-09
2024-09-12,2024-09-12 13:00:00-04:00,2024-09-12 13:00:00-04:00,short,5570.75,5540.25,0.5461789855396875,5584.25,5599.5,5599.5,5538.5,1,-0.2723,-0.2839,stop,2024-09
2024-09-13,2024-09-13 11:00:00-04:00,2024-09-13 11:00:00-04:00,short,5623.5,5605.0,0.3286405826708709,5629.25,5638.5,5638.5,5601.5,1,-0.1641,-0.1757,stop,2024-09
2024-09-16,2024-09-16 11:00:00-04:00,2024-09-16 14:00:00-04:00,long,5639.25,5618.25,0.3738484133695314,5617.25,5637.25,5606.75,5648.75,0,0.356,0.3444,eod,2024-09
2024-09-17,2024-09-17 13:00:00-04:00,2024-09-17 13:00:00-04:00,long,5665.75,5650.25,0.27542090533516944,5627.75,5620.0,5620.0,5651.0,1,-0.1377,-0.1493,stop,2024-09
2024-09-18,2024-09-18 12:00:00-04:00,2024-09-18 13:00:00-04:00,long,5648.75,5633.5,0.2710749677820735,5625.75,5648.625,5618.125,5648.625,2,0.4066,0.395,target,2024-09
2024-09-19,2024-09-19 13:00:00-04:00,2024-09-19 14:00:00-04:00,short,5717.25,5688.5,0.5023369588957323,5723.25,5727.25,5737.625,5680.125,0,-0.0698,-0.0814,eod,2024-09
2024-09-23,2024-09-23 11:00:00-04:00,2024-09-23 14:00:00-04:00,short,5777.5,5763.5,0.2423088572541214,5777.75,5774.5,5784.75,5756.75,0,0.0563,0.0447,eod,2024-09
2024-09-25,2024-09-25 12:00:00-04:00,2024-09-25 12:00:00-04:00,long,5798.0,5788.0,0.17280857130513674,5786.75,5781.75,5781.75,5801.75,1,-0.0864,-0.098,stop,2024-09
2024-09-26,2024-09-26 11:00:00-04:00,2024-09-26 13:00:00-04:00,long,5830.0,5811.25,0.3237084034701541,5792.25,5782.875,5782.875,5820.375,3,-0.1619,-0.1735,stop,2024-09
2024-09-27,2024-09-27 11:00:00-04:00,2024-09-27 11:00:00-04:00,short,5814.75,5805.5,0.15903718031377606,5816.25,5802.375,5820.875,5802.375,1,0.2391,0.2275,target,2024-09
2024-09-30,2024-09-30 12:00:00-04:00,2024-09-30 12:00:00-04:00,short,5789.5,5776.75,0.22013121546961326,5792.0,5798.375,5798.375,5772.875,1,-0.1099,-0.1215,stop,2024-09
2024-10-01,2024-10-01 11:00:00-04:00,2024-10-01 14:00:00-04:00,long,5812.25,5758.5,0.9341327771984707,5754.0,5778.25,5727.125,5834.625,0,0.4214,0.4098,eod,2024-10
2024-10-02,2024-10-02 11:00:00-04:00,2024-10-02 11:00:00-04:00,short,5753.75,5724.0,0.5168744299179082,5755.75,5770.625,5770.625,5711.125,1,-0.2578,-0.2694,stop,2024-10
2024-10-03,2024-10-03 11:00:00-04:00,2024-10-03 11:00:00-04:00,long,5754.25,5739.25,0.2614151272220286,5738.0,5760.5,5730.5,5760.5,1,0.3921,0.3805,target,2024-10
2024-10-07,2024-10-07 14:00:00-04:00,2024-10-07 14:00:00-04:00,long,5785.5,5774.0,0.199203187250996,5773.0,5767.25,5767.25,5790.25,1,-0.0996,-0.1112,stop,2024-10
2024-10-08,2024-10-08 11:00:00-04:00,2024-10-08 14:00:00-04:00,short,5778.25,5763.75,0.2505399568034557,5787.5,5794.75,5794.75,5765.75,4,-0.1251,-0.1367,stop,2024-10
2024-10-09,2024-10-09 11:00:00-04:00,2024-10-09 11:00:00-04:00,short,5806.25,5793.75,0.21485046407700242,5818.0,5824.25,5824.25,5799.25,1,-0.1073,-0.1189,stop,2024-10
2024-10-10,2024-10-10 12:00:00-04:00,2024-10-10 14:00:00-04:00,short,5830.5,5812.75,0.3040945691279767,5837.0,5820.0,5845.875,5810.375,0,0.2921,0.2805,eod,2024-10
2024-10-11,2024-10-11 11:00:00-04:00,2024-10-11 14:00:00-04:00,short,5839.75,5822.75,0.2903253351549825,5855.5,5864.0,5864.0,5830.0,4,-0.145,-0.1566,stop,2024-10
2024-10-14,2024-10-14 12:00:00-04:00,2024-10-14 14:00:00-04:00,short,5898.75,5873.0,0.4364221855006144,5900.25,5908.0,5913.125,5861.625,0,-0.1312,-0.1428,eod,2024-10
2024-10-15,2024-10-15 11:00:00-04:00,2024-10-15 11:00:00-04:00,long,5914.0,5906.0,0.13594460257445093,5884.75,5880.75,5880.75,5896.75,1,-0.068,-0.0796,stop,2024-10
2024-10-16,2024-10-16 13:00:00-04:00,2024-10-16 14:00:00-04:00,short,5866.75,5853.25,0.22966018798111684,5878.25,5885.0,5885.0,5858.0,2,-0.1147,-0.1263,stop,2024-10
2024-10-17,2024-10-17 11:00:00-04:00,2024-10-17 14:00:00-04:00,long,5927.25,5895.5,0.5386605590193833,5894.25,5896.25,5878.375,5941.875,0,0.0339,0.0223,eod,2024-10
2024-10-18,2024-10-18 13:00:00-04:00,2024-10-18 14:00:00-04:00,short,5906.5,5886.5,0.3385240352064997,5908.0,5909.5,5918.0,5878.0,0,-0.0254,-0.037,eod,2024-10
2024-10-21,2024-10-21 11:00:00-04:00,2024-10-21 11:00:00-04:00,long,5904.75,5892.0,0.2166433031731872,5885.25,5878.875,5878.875,5904.375,1,-0.1083,-0.1199,stop,2024-10
2024-10-22,2024-10-22 11:00:00-04:00,2024-10-22 12:00:00-04:00,short,5873.5,5861.25,0.20838649315301525,5878.5,5884.625,5884.625,5860.125,2,-0.1041,-0.1157,stop,2024-10
2024-10-23,2024-10-23 11:00:00-04:00,2024-10-23 11:00:00-04:00,long,5874.75,5867.25,0.1279317697228145,5862.5,5858.75,5858.75,5873.75,1,-0.064,-0.0756,stop,2024-10
2024-10-24,2024-10-24 12:00:00-04:00,2024-10-24 12:00:00-04:00,long,5866.75,5842.75,0.41115251188487734,5837.25,5825.25,5825.25,5873.25,1,-0.2056,-0.2172,stop,2024-10
2024-10-25,2024-10-25 14:00:00-04:00,2024-10-25 14:00:00-04:00,long,5890.5,5869.5,0.3591892585307449,5846.5,5836.0,5836.0,5878.0,1,-0.1796,-0.1912,stop,2024-10
2024-10-28,2024-10-28 12:00:00-04:00,2024-10-28 14:00:00-04:00,long,5881.75,5867.75,0.23879578696004433,5862.75,5865.75,5855.75,5883.75,0,0.0512,0.0396,eod,2024-10
2024-10-29,2024-10-29 11:00:00-04:00,2024-10-29 13:00:00-04:00,short,5854.25,5837.5,0.2854464894342195,5868.0,5876.375,5876.375,5842.875,3,-0.1425,-0.1541,stop,2024-10
2024-10-30,2024-10-30 11:00:00-04:00,2024-10-30 14:00:00-04:00,short,5872.0,5845.5,0.45091032839884293,5877.0,5864.5,5890.25,5837.25,0,0.2131,0.2015,eod,2024-10
2024-10-31,2024-10-31 11:00:00-04:00,2024-10-31 14:00:00-04:00,long,5815.5,5781.75,0.5857849518354595,5761.5,5756.5,5744.625,5812.125,0,-0.0868,-0.0984,eod,2024-10
2024-11-01,2024-11-01 11:00:00-04:00,2024-11-01 14:00:00-04:00,short,5781.25,5755.5,0.44457872928176795,5792.0,5768.5,5804.875,5753.375,0,0.4074,0.3958,eod,2024-11
2024-11-04,2024-11-04 12:00:00-05:00,2024-11-04 14:00:00-05:00,long,5762.5,5738.5,0.4185377337925622,5734.25,5751.0,5722.25,5770.25,0,0.2921,0.2805,eod,2024-11
2024-11-05,2024-11-05 12:00:00-05:00,2024-11-05 14:00:00-05:00,short,5787.0,5747.5,0.6809170832615066,5801.0,5796.25,5820.75,5741.75,0,0.0819,0.0703,eod,2024-11
2024-11-06,2024-11-06 14:00:00-05:00,2024-11-06 14:00:00-05:00,short,5941.25,5900.75,0.6806150743634989,5950.5,5953.0,5970.75,5889.75,0,-0.042,-0.0536,eod,2024-11
2024-11-07,2024-11-07 11:00:00-05:00,2024-11-07 14:00:00-05:00,short,5986.75,5971.0,0.262740845775294,5994.5,6002.375,6002.375,5970.875,4,-0.1312,-0.1428,stop,2024-11
2024-11-08,2024-11-08 11:00:00-05:00,2024-11-08 13:00:00-05:00,short,6015.5,5997.5,0.29895366218236175,6021.0,6030.0,6030.0,5994.0,3,-0.1493,-0.1609,stop,2024-11
2024-11-11,2024-11-11 13:00:00-05:00,2024-11-11 13:00:00-05:00,long,6045.0,6032.5,0.2074344507135745,6026.0,6019.75,6019.75,6044.75,1,-0.1037,-0.1153,stop,2024-11
2024-11-12,2024-11-12 11:00:00-05:00,2024-11-12 11:00:00-05:00,long,6036.5,6025.5,0.18285334330715206,6015.75,6010.25,6010.25,6032.25,1,-0.0914,-0.103,stop,2024-11
2024-11-13,2024-11-13 12:00:00-05:00,2024-11-13 12:00:00-05:00,short,6020.0,6005.5,0.24072383165933425,6023.5,6030.75,6030.75,6001.75,1,-0.1202,-0.1318,stop,2024-11
2024-11-14,2024-11-14 12:00:00-05:00,2024-11-14 12:00:00-05:00,long,6020.5,5999.5,0.3500875218804701,5998.5,5988.0,5988.0,6030.0,1,-0.175,-0.1866,stop,2024-11
2024-11-15,2024-11-15 11:00:00-05:00,2024-11-15 12:00:00-05:00,long,5944.75,5924.5,0.3430168544084018,5903.5,5893.375,5893.375,5933.875,2,-0.1715,-0.1831,stop,2024-11
2024-11-18,2024-11-18 11:00:00-05:00,2024-11-18 11:00:00-05:00,short,5905.75,5891.25,0.2449220894387906,5920.25,5927.5,5927.5,5898.5,1,-0.1223,-0.1339,stop,2024-11
2024-11-19,2024-11-19 11:00:00-05:00,2024-11-19 13:00:00-05:00,short,5894.5,5855.0,0.6679631351991207,5913.5,5933.25,5933.25,5854.25,3,-0.3329,-0.3445,stop,2024-11
2024-11-20,2024-11-20 11:00:00-05:00,2024-11-20 11:00:00-05:00,long,5945.0,5908.5,0.617780222570135,5908.25,5890.0,5890.0,5963.0,1,-0.3089,-0.3205,stop,2024-11
2024-11-21,2024-11-21 14:00:00-05:00,2024-11-21 14:00:00-05:00,short,5971.5,5918.75,0.882328343229907,5978.5,5979.75,6004.875,5899.375,0,-0.0209,-0.0325,eod,2024-11
2024-11-25,2024-11-25 11:00:00-05:00,2024-11-25 12:00:00-05:00,long,6040.0,6018.0,0.3660261209549954,6010.5,5999.5,5999.5,6043.5,2,-0.183,-0.1946,stop,2024-11
2024-11-26,2024-11-26 12:00:00-05:00,2024-11-26 14:00:00-05:00,short,6027.0,6015.5,0.19076846514328372,6028.25,6034.0,6034.0,6011.0,3,-0.0953,-0.1069,stop,2024-11
2024-11-27,2024-11-27 11:00:00-05:00,2024-11-27 11:00:00-05:00,long,6037.0,6027.75,0.15372470813079064,6017.25,6012.625,6012.625,6031.125,1,-0.0769,-0.0885,stop,2024-11
2024-11-29,2024-11-29 11:30:00-05:00,2024-11-29 11:30:00-05:00,short,6033.0,6019.0,0.23161551823972204,6044.5,6051.5,6051.5,6023.5,1,-0.1157,-0.1273,stop,2024-11
2024-12-02,2024-12-02 14:00:00-05:00,2024-12-02 14:00:00-05:00,short,6062.0,6049.75,0.2020451921491011,6063.0,6064.5,6069.125,6044.625,0,-0.0247,-0.0363,eod,2024-12
2024-12-03,2024-12-03 12:00:00-05:00,2024-12-03 14:00:00-05:00,long,6064.0,6052.0,0.1983553039381793,6049.75,6064.75,6043.75,6067.75,0,0.2479,0.2363,eod,2024-12
2024-12-04,2024-12-04 12:00:00-05:00,2024-12-04 13:00:00-05:00,short,6086.0,6078.75,0.1191062920979136,6087.0,6076.125,6090.625,6076.125,2,0.179,0.1674,target,2024-12
2024-12-05,2024-12-05 11:00:00-05:00,2024-12-05 11:00:00-05:00,long,6100.75,6095.5,0.08618213157138753,6091.75,6099.625,6089.125,6099.625,1,0.1293,0.1177,target,2024-12
2024-12-09,2024-12-09 11:00:00-05:00,2024-12-09 11:00:00-05:00,long,6098.5,6090.75,0.12761928286196533,6072.75,6068.875,6068.875,6084.375,1,-0.0638,-0.0754,stop,2024-12
2024-12-10,2024-12-10 14:00:00-05:00,2024-12-10 14:00:00-05:00,long,6072.75,6061.0,0.19392639049348076,6059.0,6055.0,6053.125,6076.625,0,-0.066,-0.0776,eod,2024-12
2024-12-11,2024-12-11 11:00:00-05:00,2024-12-11 11:00:00-05:00,short,6084.0,6070.25,0.22595620557906412,6085.25,6092.125,6092.125,6064.625,1,-0.1129,-0.1245,stop,2024-12
2024-12-12,2024-12-12 11:00:00-05:00,2024-12-12 14:00:00-05:00,short,6083.5,6073.5,0.16437230326689953,6083.75,6068.75,6088.75,6068.75,4,0.2472,0.2356,target,2024-12
2024-12-13,2024-12-13 11:00:00-05:00,2024-12-13 12:00:00-05:00,long,6084.75,6072.75,0.1984126984126984,6048.0,6042.0,6042.0,6066.0,2,-0.0992,-0.1108,stop,2024-12
2024-12-16,2024-12-16 11:00:00-05:00,2024-12-16 12:00:00-05:00,short,6076.75,6068.25,0.13981412945143515,6079.5,6083.75,6083.75,6066.75,2,-0.0699,-0.0815,stop,2024-12
2024-12-17,2024-12-17 12:00:00-05:00,2024-12-17 14:00:00-05:00,short,6060.25,6047.25,0.21447721179624668,6061.25,6046.0,6067.75,6041.75,0,0.2522,0.2406,eod,2024-12
2024-12-18,2024-12-18 11:00:00-05:00,2024-12-18 14:00:00-05:00,short,6058.75,6045.0,0.22651455870845516,6070.25,6049.625,6077.125,6049.625,4,0.3409,0.3293,target,2024-12
2024-12-19,2024-12-19 13:00:00-05:00,2024-12-19 13:00:00-05:00,long,5938.0,5906.5,0.5340114431023522,5898.75,5883.0,5883.0,5946.0,1,-0.267,-0.2786,stop,2024-12
2024-12-23,2024-12-23 11:00:00-05:00,2024-12-23 12:00:00-05:00,long,6008.25,5981.25,0.45158053186151526,5979.0,6019.5,5965.5,6019.5,2,0.6774,0.6658,target,2024-12
2024-12-24,2024-12-24 11:30:00-05:00,2024-12-24 12:30:00-05:00,short,6060.0,6042.25,0.29198881394966275,6079.0,6087.875,6087.875,6052.375,2,-0.1458,-0.1574,stop,2024-12
2024-12-26,2024-12-26 11:00:00-05:00,2024-12-26 12:00:00-05:00,short,6086.5,6063.25,0.3817420573023561,6090.5,6102.125,6102.125,6055.625,2,-0.1905,-0.2021,stop,2024-12
2024-12-27,2024-12-27 11:00:00-05:00,2024-12-27 11:00:00-05:00,long,6068.0,6041.25,0.4448139679900228,6013.75,6000.375,6000.375,6053.875,1,-0.2224,-0.234,stop,2024-12
2024-12-30,2024-12-30 12:00:00-05:00,2024-12-30 12:00:00-05:00,short,5960.0,5926.5,0.5613270777479893,5968.0,5984.75,5984.75,5917.75,1,-0.2799,-0.2915,stop,2024-12
2024-12-31,2024-12-31 12:00:00-05:00,2024-12-31 12:00:00-05:00,long,5980.0,5959.0,0.3533420266689101,5943.25,5932.75,5932.75,5974.75,1,-0.1767,-0.1883,stop,2024-12
2025-01-02,2025-01-02 13:00:00-05:00,2025-01-02 13:00:00-05:00,long,5978.75,5934.5,0.7500953511039539,5899.25,5877.125,5877.125,5965.625,1,-0.375,-0.3866,stop,2025-01
2025-01-03,2025-01-03 12:00:00-05:00,2025-01-03 14:00:00-05:00,short,5965.75,5930.25,0.5941671199631784,5974.75,5992.5,5992.5,5921.5,3,-0.2962,-0.3078,stop,2025-01
2025-01-06,2025-01-06 11:00:00-05:00,2025-01-06 14:00:00-05:00,short,6053.0,6015.75,0.6147118280457115,6059.75,6012.0,6078.375,6003.875,0,0.7942,0.7826,eod,2025-01
2025-01-07,2025-01-07 11:00:00-05:00,2025-01-07 11:00:00-05:00,long,6045.5,6028.5,0.28326251770390737,6001.5,5993.0,5993.0,6027.0,1,-0.1416,-0.1532,stop,2025-01
2025-01-10,2025-01-10 11:00:00-05:00,2025-01-10 11:00:00-05:00,long,5921.75,5884.0,0.642963593783266,5871.25,5852.375,5852.375,5927.875,1,-0.3215,-0.3331,stop,2025-01
2025-01-13,2025-01-13 13:00:00-05:00,2025-01-13 14:00:00-05:00,short,5842.75,5813.0,0.5080910294180436,5855.25,5870.125,5870.125,5810.625,2,-0.2534,-0.265,stop,2025-01
2025-01-14,2025-01-14 11:00:00-05:00,2025-01-14 11:00:00-05:00,long,5909.75,5878.75,0.5274127004380927,5877.75,5862.25,5862.25,5924.25,1,-0.2637,-0.2753,stop,2025-01
2025-01-15,2025-01-15 14:00:00-05:00,2025-01-15 14:00:00-05:00,short,5983.0,5952.5,0.5094371137464506,5987.0,5995.5,6002.25,5941.25,0,-0.1418,-0.1534,eod,2025-01
2025-01-16,2025-01-16 14:00:00-05:00,2025-01-16 14:00:00-05:00,long,6003.25,5980.5,0.38084874863982593,5973.5,5989.25,5962.125,6007.625,0,0.2637,0.2521,eod,2025-01
2025-01-17,2025-01-17 11:00:00-05:00,2025-01-17 13:00:00-05:00,short,6035.5,6012.75,0.37670240509997105,6039.25,6050.625,6050.625,6005.125,3,-0.188,-0.1996,stop,2025-01
2025-01-21,2025-01-21 13:00:00-05:00,2025-01-21 14:00:00-05:00,short,6072.0,6052.0,0.32885271509022895,6081.75,6079.25,6091.75,6051.75,0,0.0411,0.0295,eod,2025-01
2025-01-22,2025-01-22 12:00:00-05:00,2025-01-22 14:00:00-05:00,short,6122.75,6111.25,0.18748726309353983,6133.75,6133.0,6139.5,6116.5,0,0.0122,0.0006,eod,2025-01
2025-01-23,2025-01-23 11:00:00-05:00,2025-01-23 11:00:00-05:00,short,6119.0,6111.25,0.1265357769704886,6124.75,6128.625,6128.625,6113.125,1,-0.0632,-0.0748,stop,2025-01
2025-01-24,2025-01-24 13:00:00-05:00,2025-01-24 13:00:00-05:00,long,6162.25,6143.0,0.3134796238244514,6140.75,6131.125,6131.125,6169.625,1,-0.1567,-0.1683,stop,2025-01
2025-01-28,2025-01-28 11:00:00-05:00,2025-01-28 14:00:00-05:00,short,6059.5,6023.5,0.591910555738244,6082.0,6100.0,6100.0,6028.0,4,-0.2951,-0.3067,stop,2025-01
2025-01-29,2025-01-29 12:00:00-05:00,2025-01-29 13:00:00-05:00,long,6090.5,6074.5,0.26347206784405747,6072.75,6064.75,6064.75,6096.75,2,-0.1317,-0.1433,stop,2025-01
2025-01-30,2025-01-30 11:00:00-05:00,2025-01-30 14:00:00-05:00,long,6109.75,6080.5,0.48233499608360475,6064.25,6107.0,6049.625,6108.125,0,0.705,0.6934,eod,2025-01
2025-01-31,2025-01-31 11:00:00-05:00,2025-01-31 13:00:00-05:00,short,6129.25,6117.0,0.19943019943019943,6142.5,6124.125,6148.625,6124.125,3,0.3,0.2884,target,2025-01
2025-02-03,2025-02-03 11:00:00-05:00,2025-02-03 11:00:00-05:00,short,5987.25,5961.25,0.4315352697095436,6025.0,6038.0,6038.0,5986.0,1,-0.2153,-0.2269,stop,2025-02
2025-02-04,2025-02-04 11:00:00-05:00,2025-02-04 11:00:00-05:00,short,6037.75,6018.0,0.32648675455634996,6049.25,6059.125,6059.125,6019.625,1,-0.163,-0.1746,stop,2025-02
2025-02-05,2025-02-05 12:00:00-05:00,2025-02-05 13:00:00-05:00,short,6055.5,6041.25,0.2347031211397513,6071.5,6078.625,6078.625,6050.125,2,-0.1172,-0.1288,stop,2025-02
2025-02-06,2025-02-06 11:00:00-05:00,2025-02-06 14:00:00-05:00,long,6106.25,6093.25,0.2134646962233169,6090.0,6083.5,6083.5,6109.5,4,-0.1067,-0.1183,stop,2025-02
2025-02-07,2025-02-07 11:00:00-05:00,2025-02-07 11:00:00-05:00,long,6123.25,6105.0,0.30037443936962516,6075.75,6066.625,6066.625,6103.125,1,-0.1502,-0.1618,stop,2025-02
2025-02-10,2025-02-10 11:00:00-05:00,2025-02-10 14:00:00-05:00,short,6087.0,6067.75,0.3161049304158627,6089.75,6090.25,6099.375,6060.875,0,-0.0082,-0.0198,eod,2025-02
2025-02-11,2025-02-11 11:00:00-05:00,2025-02-11 14:00:00-05:00,short,6075.5,6057.75,0.29161703700661273,6086.75,6095.625,6095.625,6060.125,4,-0.1456,-0.1572,stop,2025-02
2025-02-12,2025-02-12 11:00:00-05:00,2025-02-12 12:00:00-05:00,short,6056.0,6020.75,0.5813953488372093,6063.0,6080.625,6080.625,6010.125,2,-0.2899,-0.3015,stop,2025-02
2025-02-13,2025-02-13 11:00:00-05:00,2025-02-13 14:00:00-05:00,short,6089.0,6070.25,0.30689909157868894,6109.5,6118.875,6118.875,6081.375,4,-0.1532,-0.1648,stop,2025-02
2025-02-18,2025-02-18 14:00:00-05:00,2025-02-18 14:00:00-05:00,long,6157.25,6133.75,0.38328236493374107,6131.25,6119.5,6119.5,6166.5,1,-0.1916,-0.2032,stop,2025-02
2025-02-19,2025-02-19 12:00:00-05:00,2025-02-19 14:00:00-05:00,short,6138.75,6130.25,0.13819452912246474,6150.75,6155.0,6155.0,6138.0,3,-0.069,-0.0806,stop,2025-02
2025-02-20,2025-02-20 11:00:00-05:00,2025-02-20 14:00:00-05:00,long,6150.5,6116.0,0.565018015067147,6106.0,6131.5,6088.75,6157.75,0,0.4176,0.406,eod,2025-02
2025-02-21,2025-02-21 11:00:00-05:00,2025-02-21 12:00:00-05:00,long,6142.5,6113.0,0.4837453367769442,6098.25,6083.5,6083.5,6142.5,2,-0.2419,-0.2535,stop,2025-02
2025-02-24,2025-02-24 11:00:00-05:00,2025-02-24 14:00:00-05:00,long,6062.0,6016.0,0.7658051358887917,6006.75,6027.5,5983.75,6075.75,0,0.3454,0.3338,eod,2025-02
2025-02-25,2025-02-25 11:00:00-05:00,2025-02-25 11:00:00-05:00,long,6007.75,5971.0,0.6174395161290323,5952.0,5933.625,5933.625,6007.125,1,-0.3087,-0.3203,stop,2025-02
2025-02-26,2025-02-26 11:00:00-05:00,2025-02-26 13:00:00-05:00,short,6005.75,5978.25,0.4570763733067398,6016.5,5975.25,6030.25,5975.25,3,0.6903,0.6787,target,2025-02
2025-02-28,2025-02-28 11:00:00-05:00,2025-02-28 12:00:00-05:00,short,5891.75,5857.0,0.587737843551797,5912.5,5860.375,5929.875,5860.375,2,0.8894,0.8778,target,2025-02
2025-03-03,2025-03-03 11:00:00-05:00,2025-03-03 13:00:00-05:00,long,5997.0,5947.75,0.8280790248003362,5947.5,5922.875,5922.875,6021.375,3,-0.414,-0.4256,stop,2025-03
2025-03-04,2025-03-04 11:00:00-05:00,2025-03-04 14:00:00-05:00,long,5835.75,5778.0,1.0021257212268448,5762.75,5849.375,5733.875,5849.375,4,1.5032,1.4916,target,2025-03
2025-03-05,2025-03-05 13:00:00-05:00,2025-03-05 14:00:00-05:00,short,5812.75,5770.25,0.7292381606039807,5828.0,5849.25,5849.25,5764.25,2,-0.3633,-0.3749,stop,2025-03
2025-03-06,2025-03-06 11:00:00-05:00,2025-03-06 12:00:00-05:00,short,5788.75,5753.25,0.6113574719076936,5806.75,5753.5,5824.5,5753.5,2,0.9255,0.9139,target,2025-03
2025-03-07,2025-03-07 12:00:00-05:00,2025-03-07 14:00:00-05:00,long,5778.0,5721.0,1.0021097046413503,5688.0,5773.5,5659.5,5773.5,3,1.5032,1.4916,target,2025-03
2025-03-10,2025-03-10 11:00:00-04:00,2025-03-10 13:00:00-04:00,long,5711.25,5679.25,0.5658709106984969,5655.0,5639.0,5639.0,5703.0,3,-0.2829,-0.2945,stop,2025-03
2025-03-11,2025-03-11 11:00:00-04:00,2025-03-11 11:00:00-04:00,long,5631.75,5597.5,0.6157303370786518,5562.5,5613.875,5545.375,5613.875,1,0.9236,0.912,target,2025-03
2025-03-12,2025-03-12 11:00:00-04:00,2025-03-12 14:00:00-04:00,long,5646.25,5597.0,0.8842804560553011,5569.5,5626.0,5544.875,5643.375,0,1.0145,1.0029,eod,2025-03
2025-03-13,2025-03-13 12:00:00-04:00,2025-03-13 13:00:00-04:00,long,5602.75,5556.75,0.8306622725836306,5537.75,5514.75,5514.75,5606.75,2,-0.4153,-0.4269,stop,2025-03
2025-03-14,2025-03-14 11:00:00-04:00,2025-03-14 11:00:00-04:00,short,5607.75,5568.5,0.6992072681927497,5613.5,5633.125,5633.125,5554.625,1,-0.3484,-0.36,stop,2025-03
2025-03-17,2025-03-17 14:00:00-04:00,2025-03-17 14:00:00-04:00,short,5674.0,5631.75,0.7436743674367436,5681.25,5702.375,5702.375,5617.875,1,-0.3705,-0.3821,stop,2025-03
2025-03-18,2025-03-18 12:00:00-04:00,2025-03-18 14:00:00-04:00,long,5659.75,5615.25,0.7938631701007939,5605.5,5623.0,5583.25,5672.25,0,0.3122,0.3006,eod,2025-03
2025-03-19,2025-03-19 12:00:00-04:00,2025-03-19 14:00:00-04:00,short,5653.0,5624.75,0.4985220805576389,5666.75,5680.875,5680.875,5624.375,3,-0.2486,-0.2602,stop,2025-03
2025-03-20,2025-03-20 11:00:00-04:00,2025-03-20 14:00:00-04:00,short,5675.5,5633.5,0.7365190705830776,5702.5,5652.5,5723.5,5639.5,0,0.8846,0.873,eod,2025-03
2025-03-24,2025-03-24 11:00:00-04:00,2025-03-24 14:00:00-04:00,short,5804.5,5776.0,0.49049135186300663,5810.5,5811.0,5824.75,5767.75,0,-0.0086,-0.0202,eod,2025-03
2025-03-26,2025-03-26 12:00:00-04:00,2025-03-26 13:00:00-04:00,long,5834.5,5805.5,0.5018820577164366,5778.25,5763.75,5763.75,5821.75,2,-0.2509,-0.2625,stop,2025-03
2025-03-27,2025-03-27 11:00:00-04:00,2025-03-27 14:00:00-04:00,short,5755.25,5720.0,0.6099935107073329,5778.75,5746.25,5796.375,5725.875,0,0.5656,0.554,eod,2025-03
2025-03-28,2025-03-28 11:00:00-04:00,2025-03-28 12:00:00-04:00,long,5734.75,5705.5,0.5171956502519671,5655.5,5640.875,5640.875,5699.375,2,-0.2586,-0.2702,stop,2025-03
2025-03-31,2025-03-31 11:00:00-04:00,2025-03-31 11:00:00-04:00,short,5577.5,5533.75,0.7838043624311372,5581.75,5603.625,5603.625,5516.125,1,-0.3904,-0.402,stop,2025-03
2025-04-01,2025-04-01 11:00:00-04:00,2025-04-01 11:00:00-04:00,short,5650.0,5623.0,0.4769054137596043,5661.5,5675.0,5675.0,5621.0,1,-0.2379,-0.2495,stop,2025-04
2025-04-02,2025-04-02 11:00:00-04:00,2025-04-02 12:00:00-04:00,short,5661.5,5610.75,0.8926608328569544,5685.25,5710.625,5710.625,5609.125,2,-0.4443,-0.4559,stop,2025-04
2025-04-03,2025-04-03 11:00:00-04:00,2025-04-03 14:00:00-04:00,long,5540.5,5491.25,0.9018494781175609,5461.0,5478.0,5436.375,5534.875,0,0.3113,0.2997,eod,2025-04
2025-04-04,2025-04-04 11:00:00-04:00,2025-04-04 12:00:00-04:00,long,5322.0,5246.0,1.4592233475735612,5208.25,5170.25,5170.25,5322.25,2,-0.7296,-0.7412,stop,2025-04
2025-04-07,2025-04-07 11:00:00-04:00,2025-04-07 14:00:00-04:00,short,5015.25,4867.0,2.900890323843068,5110.5,5084.0,5184.625,4888.125,0,0.5212,0.5096,eod,2025-04
2025-04-08,2025-04-08 13:00:00-04:00,2025-04-08 13:00:00-04:00,long,5287.0,5217.75,1.3516810618259893,5123.25,5088.625,5088.625,5227.125,1,-0.6758,-0.6874,stop,2025-04
2025-04-09,2025-04-09 14:00:00-04:00,2025-04-09 14:00:00-04:00,short,5070.5,4962.5,1.9987045433515316,5403.5,5364.25,5457.5,5241.5,0,0.7317,0.7201,eod,2025-04
2025-04-10,2025-04-10 11:00:00-04:00,2025-04-10 11:00:00-04:00,long,5405.0,5338.0,1.260227593341484,5316.5,5283.0,5283.0,5417.0,1,-0.6301,-0.6417,stop,2025-04
2025-04-11,2025-04-11 13:00:00-04:00,2025-04-11 13:00:00-04:00,short,5340.5,5262.25,1.457169459962756,5370.0,5409.125,5409.125,5252.625,1,-0.7233,-0.7349,stop,2025-04
2025-04-14,2025-04-14 12:00:00-04:00,2025-04-14 14:00:00-04:00,long,5497.75,5444.25,0.988909426987061,5410.0,5460.5,5383.25,5490.25,0,0.9335,0.9219,eod,2025-04
2025-04-16,2025-04-16 14:00:00-04:00,2025-04-16 14:00:00-04:00,long,5388.75,5348.5,0.7610134240877292,5289.0,5276.25,5268.875,5349.375,0,-0.2411,-0.2527,eod,2025-04
2025-04-17,2025-04-17 11:00:00-04:00,2025-04-17 12:00:00-04:00,long,5340.25,5309.75,0.5757432751297782,5297.5,5343.25,5282.25,5343.25,2,0.8636,0.852,target,2025-04
2025-04-21,2025-04-21 11:00:00-04:00,2025-04-21 11:00:00-04:00,long,5262.5,5220.25,0.8140655105973026,5190.0,5168.875,5168.875,5253.375,1,-0.407,-0.4186,stop,2025-04
2025-04-22,2025-04-22 11:00:00-04:00,2025-04-22 11:00:00-04:00,short,5267.5,5236.0,0.5952380952380952,5292.0,5307.75,5307.75,5244.75,1,-0.2967,-0.3083,stop,2025-04
2025-04-23,2025-04-23 12:00:00-04:00,2025-04-23 12:00:00-04:00,long,5496.75,5436.0,1.1207453186975371,5420.5,5390.125,5390.125,5511.625,1,-0.5604,-0.572,stop,2025-04
2025-04-24,2025-04-24 11:00:00-04:00,2025-04-24 12:00:00-04:00,short,5441.5,5398.5,0.7860701064850784,5470.25,5491.75,5491.75,5405.75,2,-0.3915,-0.4031,stop,2025-04
2025-04-25,2025-04-25 13:00:00-04:00,2025-04-25 13:00:00-04:00,short,5524.75,5489.0,0.6459189665296535,5534.75,5552.625,5552.625,5481.125,1,-0.3219,-0.3335,stop,2025-04
2025-04-28,2025-04-28 12:00:00-04:00,2025-04-28 12:00:00-04:00,long,5578.75,5544.25,0.6252548593176566,5517.75,5500.5,5500.5,5569.5,1,-0.3126,-0.3242,stop,2025-04
2025-04-29,2025-04-29 11:00:00-04:00,2025-04-29 13:00:00-04:00,short,5559.25,5521.5,0.6774338268281741,5572.5,5591.375,5591.375,5515.875,3,-0.3376,-0.3492,stop,2025-04
2025-04-30,2025-04-30 12:00:00-04:00,2025-04-30 14:00:00-04:00,short,5517.5,5455.5,1.119992774240166,5535.75,5566.75,5566.75,5442.75,3,-0.5569,-0.5685,stop,2025-04
2025-05-01,2025-05-01 11:00:00-04:00,2025-05-01 12:00:00-04:00,short,5654.75,5627.25,0.4845814977973568,5675.0,5633.75,5688.75,5633.75,2,0.7322,0.7206,target,2025-05
2025-05-02,2025-05-02 12:00:00-04:00,2025-05-02 12:00:00-04:00,short,5699.0,5663.0,0.6312467122567069,5703.0,5721.0,5721.0,5649.0,1,-0.3146,-0.3262,stop,2025-05
2025-05-05,2025-05-05 11:00:00-04:00,2025-05-05 12:00:00-04:00,short,5672.5,5655.25,0.30323005932762026,5688.75,5697.375,5697.375,5662.875,2,-0.1514,-0.163,stop,2025-05
2025-05-06,2025-05-06 11:00:00-04:00,2025-05-06 12:00:00-04:00,short,5634.0,5607.0,0.47825701886458244,5645.5,5659.0,5659.0,5605.0,2,-0.2386,-0.2502,stop,2025-05
2025-05-07,2025-05-07 11:00:00-04:00,2025-05-07 11:00:00-04:00,long,5652.5,5631.25,0.3773752441839815,5631.0,5620.375,5620.375,5662.875,1,-0.1887,-0.2003,stop,2025-05
2025-05-08,2025-05-08 11:00:00-04:00,2025-05-08 11:00:00-04:00,long,5695.0,5671.5,0.41506601315847574,5661.75,5697.0,5650.0,5697.0,1,0.6226,0.611,target,2025-05
2025-05-09,2025-05-09 11:00:00-04:00,2025-05-09 12:00:00-04:00,long,5710.5,5693.0,0.3080714725816389,5680.5,5671.75,5671.75,5706.75,2,-0.154,-0.1656,stop,2025-05
2025-05-12,2025-05-12 12:00:00-04:00,2025-05-12 14:00:00-04:00,long,5855.0,5819.0,0.6187959262601521,5817.75,5851.5,5799.75,5871.75,0,0.5801,0.5685,eod,2025-05
2025-05-13,2025-05-13 11:00:00-04:00,2025-05-13 11:00:00-04:00,short,5890.25,5863.5,0.45287171456384645,5906.75,5920.125,5920.125,5866.625,1,-0.2259,-0.2375,stop,2025-05
2025-05-15,2025-05-15 11:00:00-04:00,2025-05-15 11:00:00-04:00,short,5898.5,5884.5,0.23725797568105747,5900.75,5907.75,5907.75,5879.75,1,-0.1185,-0.1301,stop,2025-05
2025-05-16,2025-05-16 13:00:00-04:00,2025-05-16 13:00:00-04:00,short,5951.25,5931.75,0.32746966707250513,5954.75,5964.5,5964.5,5925.5,1,-0.1635,-0.1751,stop,2025-05
2025-05-19,2025-05-19 11:00:00-04:00,2025-05-19 12:00:00-04:00,short,5945.5,5902.5,0.7224765825177469,5951.75,5973.25,5973.25,5887.25,2,-0.3599,-0.3715,stop,2025-05
2025-05-21,2025-05-21 11:00:00-04:00,2025-05-21 11:00:00-04:00,short,5935.25,5908.75,0.44640977047799535,5936.25,5949.5,5949.5,5896.5,1,-0.2227,-0.2343,stop,2025-05
2025-05-22,2025-05-22 14:00:00-04:00,2025-05-22 14:00:00-04:00,short,5872.25,5842.75,0.5014448410674827,5883.0,5887.25,5897.75,5838.75,0,-0.0722,-0.0838,eod,2025-05
2025-05-23,2025-05-23 13:00:00-04:00,2025-05-23 13:00:00-04:00,short,5806.5,5762.75,0.7523645743766122,5815.0,5836.875,5836.875,5749.375,1,-0.3748,-0.3864,stop,2025-05
2025-05-26,2025-05-26 11:00:00-04:00,2025-05-26 12:00:00-04:00,long,5893.0,5880.5,0.21273879930221673,5875.75,5891.0,5869.5,5894.5,0,0.2595,0.2479,eod,2025-05
2025-05-27,2025-05-27 11:00:00-04:00,2025-05-27 12:00:00-04:00,short,5900.25,5868.25,0.5418677504021674,5905.5,5921.5,5921.5,5857.5,2,-0.2702,-0.2818,stop,2025-05
2025-05-28,2025-05-28 11:00:00-04:00,2025-05-28 14:00:00-04:00,long,5952.5,5929.75,0.3844366524439187,5917.75,5906.375,5906.375,5951.875,4,-0.1922,-0.2038,stop,2025-05
2025-05-29,2025-05-29 12:00:00-04:00,2025-05-29 14:00:00-04:00,long,5957.75,5926.25,0.5343511450381679,5895.0,5911.5,5879.25,5942.25,0,0.2799,0.2683,eod,2025-05
2025-05-30,2025-05-30 13:00:00-04:00,2025-05-30 14:00:00-04:00,long,5912.75,5885.0,0.47314578005115093,5865.0,5906.625,5851.125,5906.625,2,0.7097,0.6981,target,2025-05
2025-06-02,2025-06-02 12:00:00-04:00,2025-06-02 14:00:00-04:00,short,5917.75,5886.0,0.5364308342133052,5918.75,5934.625,5934.625,5871.125,3,-0.2675,-0.2791,stop,2025-06
2025-06-03,2025-06-03 11:00:00-04:00,2025-06-03 11:00:00-04:00,short,5952.75,5938.0,0.24731723675385647,5964.0,5971.375,5971.375,5941.875,1,-0.1235,-0.1351,stop,2025-06
2025-06-05,2025-06-05 12:00:00-04:00,2025-06-05 14:00:00-04:00,short,5997.75,5957.5,0.6701352757544226,6006.25,5971.0,6026.375,5945.875,0,0.5904,0.5788,eod,2025-06
2025-06-09,2025-06-09 13:00:00-04:00,2025-06-09 14:00:00-04:00,short,6016.5,6000.0,0.27398397608867114,6022.25,6025.25,6030.5,5997.5,0,-0.0498,-0.0614,eod,2025-06
2025-06-10,2025-06-10 11:00:00-04:00,2025-06-10 11:00:00-04:00,short,6025.25,6014.25,0.18247418405009747,6028.25,6011.75,6033.75,6011.75,1,0.2745,0.2629,target,2025-06
2025-06-11,2025-06-11 11:00:00-04:00,2025-06-11 14:00:00-04:00,short,6061.5,6035.75,0.4248123401798235,6061.5,6022.875,6074.375,6022.875,4,0.6413,0.6297,target,2025-06
2025-06-12,2025-06-12 11:00:00-04:00,2025-06-12 11:00:00-04:00,short,6026.25,6008.5,0.29386200902280535,6040.25,6049.125,6049.125,6013.625,1,-0.1467,-0.1583,stop,2025-06
2025-06-13,2025-06-13 12:00:00-04:00,2025-06-13 14:00:00-04:00,short,6014.75,5983.25,0.5229517722254503,6023.5,5976.25,6039.25,5976.25,3,0.7906,0.779,target,2025-06
2025-06-16,2025-06-16 11:00:00-04:00,2025-06-16 14:00:00-04:00,short,6044.75,6013.5,0.5165502706723418,6049.75,6035.75,6065.375,6002.875,0,0.232,0.2204,eod,2025-06
2025-06-17,2025-06-17 14:00:00-04:00,2025-06-17 14:00:00-04:00,long,6019.0,6003.0,0.2671341514316721,5989.5,5981.5,5981.5,6013.5,1,-0.1336,-0.1452,stop,2025-06
2025-06-18,2025-06-18 11:00:00-04:00,2025-06-18 14:00:00-04:00,short,6004.5,5981.5,0.3823456071814479,6015.5,5981.0,6027.0,5981.0,4,0.5768,0.5652,target,2025-06
2025-06-23,2025-06-23 14:00:00-04:00,2025-06-23 14:00:00-04:00,short,6041.75,6010.5,0.515548956528912,6061.5,6061.25,6077.125,6014.625,0,0.0041,-0.0075,eod,2025-06
2025-06-24,2025-06-24 12:00:00-04:00,2025-06-24 12:00:00-04:00,short,6130.25,6113.5,0.2730570159351184,6134.25,6142.625,6142.625,6109.125,1,-0.1363,-0.1479,stop,2025-06
2025-06-25,2025-06-25 12:00:00-04:00,2025-06-25 13:00:00-04:00,long,6160.25,6149.75,0.17088453088127592,6144.5,6139.25,6139.25,6160.25,2,-0.0854,-0.097,stop,2025-06
2025-06-26,2025-06-26 11:00:00-04:00,2025-06-26 11:00:00-04:00,short,6169.75,6159.25,0.16990978599457907,6179.75,6185.0,6185.0,6164.0,1,-0.0849,-0.0965,stop,2025-06
2025-06-27,2025-06-27 11:00:00-04:00,2025-06-27 11:00:00-04:00,short,6221.5,6202.0,0.3133662769675786,6222.75,6232.5,6232.5,6193.5,1,-0.1564,-0.168,stop,2025-06
2025-06-30,2025-06-30 14:00:00-04:00,2025-06-30 14:00:00-04:00,long,6250.5,6234.75,0.2527075812274368,6232.5,6243.5,6224.625,6256.125,0,0.1765,0.1649,eod,2025-06
2025-07-01,2025-07-01 14:00:00-04:00,2025-07-01 14:00:00-04:00,short,6249.5,6231.75,0.28359162805559995,6259.0,6253.0,6267.875,6232.375,0,0.096,0.0844,eod,2025-07
2025-07-02,2025-07-02 11:00:00-04:00,2025-07-02 11:00:00-04:00,short,6248.5,6237.25,0.17971963736570948,6259.75,6265.375,6265.375,6242.875,1,-0.0898,-0.1014,stop,2025-07
2025-07-03,2025-07-03 11:30:00-04:00,2025-07-03 12:30:00-04:00,short,6315.25,6285.0,0.47841214613316463,6323.0,6323.0,6338.125,6277.625,0,0.0,-0.0116,eod,2025-07
2025-07-04,2025-07-04 11:00:00-04:00,2025-07-04 12:00:00-04:00,short,6288.5,6279.25,0.14705297881642224,6290.25,6283.5,6294.875,6276.375,0,0.1074,0.0958,eod,2025-07
2025-07-07,2025-07-07 11:00:00-04:00,2025-07-07 11:00:00-04:00,long,6309.75,6297.25,0.19873603879327476,6289.75,6283.5,6283.5,6308.5,1,-0.0994,-0.111,stop,2025-07
2025-07-08,2025-07-08 11:00:00-04:00,2025-07-08 12:00:00-04:00,long,6284.5,6272.75,0.18740031897926634,6270.0,6287.625,6264.125,6287.625,2,0.2811,0.2695,target,2025-07
2025-07-09,2025-07-09 11:00:00-04:00,2025-07-09 14:00:00-04:00,long,6315.25,6285.0,0.48149621965777956,6282.5,6301.5,6267.375,6327.875,0,0.3024,0.2908,eod,2025-07
2025-07-10,2025-07-10 11:00:00-04:00,2025-07-10 11:00:00-04:00,short,6308.5,6297.0,0.1821133061483036,6314.75,6320.5,6320.5,6297.5,1,-0.091,-0.1026,stop,2025-07
2025-07-11,2025-07-11 11:00:00-04:00,2025-07-11 14:00:00-04:00,short,6298.75,6278.5,0.32132656299587437,6302.0,6312.125,6312.125,6271.625,4,-0.1604,-0.172,stop,2025-07
2025-07-14,2025-07-14 11:00:00-04:00,2025-07-14 11:00:00-04:00,short,6297.25,6279.75,0.27789908293302634,6297.25,6306.0,6306.0,6271.0,1,-0.1388,-0.1504,stop,2025-07
2025-07-15,2025-07-15 11:00:00-04:00,2025-07-15 14:00:00-04:00,long,6342.25,6318.0,0.38487481649010036,6300.75,6295.0,6288.625,6337.125,0,-0.0913,-0.1029,eod,2025-07
2025-07-17,2025-07-17 12:00:00-04:00,2025-07-17 14:00:00-04:00,short,6322.75,6302.0,0.32763588994592036,6333.25,6340.75,6343.625,6302.125,0,-0.1183,-0.1299,eod,2025-07
2025-07-18,2025-07-18 11:00:00-04:00,2025-07-18 12:00:00-04:00,long,6353.5,6342.5,0.17379626338033732,6329.25,6323.75,6323.75,6345.75,2,-0.0869,-0.0985,stop,2025-07
2025-07-21,2025-07-21 11:00:00-04:00,2025-07-21 14:00:00-04:00,short,6365.5,6339.75,0.4043179587831207,6368.75,6361.5,6381.625,6330.125,0,0.114,0.1024,eod,2025-07
2025-07-23,2025-07-23 12:00:00-04:00,2025-07-23 14:00:00-04:00,short,6376.75,6354.0,0.35672285378283025,6377.5,6388.875,6388.875,6343.375,3,-0.178,-0.1896,stop,2025-07
2025-07-24,2025-07-24 11:00:00-04:00,2025-07-24 14:00:00-04:00,short,6410.25,6394.5,0.24564276523570006,6411.75,6409.0,6419.625,6388.125,0,0.0429,0.0313,eod,2025-07
2025-07-25,2025-07-25 11:00:00-04:00,2025-07-25 12:00:00-04:00,short,6410.5,6402.0,0.13254843865736227,6412.75,6417.0,6417.0,6400.0,2,-0.0662,-0.0778,stop,2025-07
2025-07-28,2025-07-28 13:00:00-04:00,2025-07-28 13:00:00-04:00,long,6439.5,6424.25,0.23745572034723034,6422.25,6414.625,6414.625,6445.125,1,-0.1187,-0.1303,stop,2025-07
2025-07-29,2025-07-29 11:00:00-04:00,2025-07-29 11:00:00-04:00,long,6440.0,6425.5,0.2257599937721381,6422.75,6415.5,6415.5,6444.5,1,-0.1129,-0.1245,stop,2025-07
2025-07-30,2025-07-30 11:00:00-04:00,2025-07-30 13:00:00-04:00,short,6414.5,6405.0,0.14806733167082295,6416.0,6420.75,6420.75,6401.75,3,-0.074,-0.0856,stop,2025-07
2025-07-31,2025-07-31 11:00:00-04:00,2025-07-31 11:00:00-04:00,long,6456.25,6427.5,0.4478193146417445,6420.0,6405.625,6405.625,6463.125,1,-0.2239,-0.2355,stop,2025-07
2025-08-01,2025-08-01 14:00:00-04:00,2025-08-01 14:00:00-04:00,long,6314.25,6258.0,0.8996041741633681,6252.75,6260.5,6224.625,6337.125,0,0.1239,0.1123,eod,2025-08
2025-08-04,2025-08-04 12:00:00-04:00,2025-08-04 14:00:00-04:00,short,6339.0,6298.25,0.6421873768812545,6345.5,6345.25,6365.875,6284.375,0,0.0039,-0.0077,eod,2025-08
2025-08-05,2025-08-05 11:00:00-04:00,2025-08-05 11:00:00-04:00,long,6371.75,6357.5,0.22533206831119545,6324.0,6316.875,6316.875,6345.375,1,-0.1127,-0.1243,stop,2025-08
2025-08-06,2025-08-06 11:00:00-04:00,2025-08-06 11:00:00-04:00,short,6344.75,6327.25,0.27542789691127284,6353.75,6362.5,6362.5,6327.5,1,-0.1375,-0.1491,stop,2025-08
2025-08-07,2025-08-07 11:00:00-04:00,2025-08-07 11:00:00-04:00,long,6414.5,6397.25,0.27065191809837613,6373.5,6364.875,6364.875,6399.375,1,-0.1353,-0.1469,stop,2025-08
2025-08-08,2025-08-08 12:00:00-04:00,2025-08-08 14:00:00-04:00,short,6401.5,6377.0,0.38245394942241645,6406.0,6418.25,6418.25,6369.25,3,-0.1909,-0.2025,stop,2025-08
2025-08-11,2025-08-11 11:00:00-04:00,2025-08-11 12:00:00-04:00,long,6419.25,6410.0,0.14432265865740923,6409.25,6423.125,6404.625,6423.125,2,0.2165,0.2049,target,2025-08
2025-08-12,2025-08-12 12:00:00-04:00,2025-08-12 14:00:00-04:00,short,6439.75,6410.25,0.45711629348415583,6453.5,6461.5,6468.25,6409.25,0,-0.1238,-0.1354,eod,2025-08
2025-08-13,2025-08-13 11:00:00-04:00,2025-08-13 12:00:00-04:00,long,6502.5,6485.0,0.2701451065143563,6478.0,6469.25,6469.25,6504.25,2,-0.1351,-0.1467,stop,2025-08
2025-08-14,2025-08-14 11:00:00-04:00,2025-08-14 14:00:00-04:00,short,6482.0,6460.0,0.3391528885805681,6486.75,6485.5,6497.75,6453.75,0,0.0193,0.0077,eod,2025-08
2025-08-15,2025-08-15 11:00:00-04:00,2025-08-15 14:00:00-04:00,long,6500.5,6473.5,0.41714947856315177,6472.5,6479.25,6459.0,6513.0,0,0.1043,0.0927,eod,2025-08
2025-08-18,2025-08-18 13:00:00-04:00,2025-08-18 14:00:00-04:00,long,6474.0,6461.0,0.20121502921487444,6460.75,6470.5,6454.25,6480.25,0,0.1509,0.1393,eod,2025-08
2025-08-19,2025-08-19 11:00:00-04:00,2025-08-19 11:00:00-04:00,long,6469.5,6454.75,0.22879745608252222,6446.75,6439.375,6439.375,6468.875,1,-0.1144,-0.126,stop,2025-08
2025-08-20,2025-08-20 11:00:00-04:00,2025-08-20 14:00:00-04:00,long,6430.75,6383.0,0.7499018453082058,6367.5,6400.5,6343.625,6439.125,0,0.5183,0.5067,eod,2025-08
2025-08-21,2025-08-21 11:00:00-04:00,2025-08-21 13:00:00-04:00,short,6397.75,6375.5,0.34743910056214866,6404.0,6370.625,6415.125,6370.625,3,0.5239,0.5123,target,2025-08
2025-08-22,2025-08-22 11:00:00-04:00,2025-08-22 14:00:00-04:00,short,6427.75,6399.25,0.43930635838150295,6487.5,6485.75,6501.75,6444.75,0,0.027,0.0154,eod,2025-08
2025-08-25,2025-08-25 11:00:00-04:00,2025-08-25 11:00:00-04:00,short,6473.5,6463.75,0.15060822552616338,6473.75,6478.625,6478.625,6459.125,1,-0.0752,-0.0868,stop,2025-08
2025-08-26,2025-08-26 13:00:00-04:00,2025-08-26 14:00:00-04:00,short,6457.5,6444.5,0.20116832372625634,6462.25,6468.75,6468.75,6442.75,2,-0.1005,-0.1121,stop,2025-08
2025-08-27,2025-08-27 11:00:00-04:00,2025-08-27 13:00:00-04:00,short,6483.75,6472.25,0.17718203528233573,6490.5,6496.25,6496.25,6473.25,3,-0.0885,-0.1001,stop,2025-08
2025-08-28,2025-08-28 14:00:00-04:00,2025-08-28 14:00:00-04:00,short,6508.5,6480.75,0.42616908546417875,6511.5,6517.75,6525.375,6469.875,0,-0.0959,-0.1075,eod,2025-08
2025-08-29,2025-08-29 11:00:00-04:00,2025-08-29 14:00:00-04:00,long,6504.0,6477.0,0.41781113389299396,6462.25,6469.25,6448.75,6502.75,0,0.1083,0.0967,eod,2025-08
2025-09-02,2025-09-02 12:00:00-04:00,2025-09-02 14:00:00-04:00,long,6416.5,6383.25,0.5216095380029807,6374.5,6403.75,6357.875,6424.375,0,0.4589,0.4473,eod,2025-09
2025-09-03,2025-09-03 11:00:00-04:00,2025-09-03 12:00:00-04:00,short,6454.5,6440.25,0.22052849460285523,6461.75,6440.375,6468.875,6440.375,2,0.3319,0.3203,target,2025-09
2025-09-04,2025-09-04 11:00:00-04:00,2025-09-04 11:00:00-04:00,short,6474.75,6461.25,0.2083976535967891,6478.0,6484.75,6484.75,6457.75,1,-0.1041,-0.1157,stop,2025-09
2025-09-05,2025-09-05 11:00:00-04:00,2025-09-05 11:00:00-04:00,long,6541.75,6524.75,0.2631477110018962,6460.25,6485.75,6451.75,6485.75,1,0.3947,0.3831,target,2025-09
2025-09-08,2025-09-08 11:00:00-04:00,2025-09-08 12:00:00-04:00,short,6509.0,6498.5,0.16124697661918838,6511.75,6496.0,6517.0,6496.0,2,0.2425,0.2309,target,2025-09
2025-09-09,2025-09-09 11:00:00-04:00,2025-09-09 13:00:00-04:00,long,6512.75,6502.0,0.16537825468251222,6500.25,6516.375,6494.875,6516.375,3,0.2481,0.2365,target,2025-09
2025-09-10,2025-09-10 14:00:00-04:00,2025-09-10 14:00:00-04:00,long,6559.25,6543.75,0.237012118200237,6539.75,6532.0,6532.0,6563.0,1,-0.1185,-0.1301,stop,2025-09
2025-09-11,2025-09-11 11:00:00-04:00,2025-09-11 11:00:00-04:00,short,6572.5,6552.0,0.311419999240439,6582.75,6593.0,6593.0,6552.0,1,-0.1555,-0.1671,stop,2025-09
2025-09-12,2025-09-12 11:00:00-04:00,2025-09-12 14:00:00-04:00,short,6594.5,6585.0,0.14398848092152627,6597.75,6602.5,6602.5,6583.5,4,-0.0719,-0.0835,stop,2025-09
2025-09-15,2025-09-15 11:00:00-04:00,2025-09-15 14:00:00-04:00,short,6619.75,6606.75,0.19630049075122688,6622.5,6612.75,6629.0,6603.0,0,0.1474,0.1358,eod,2025-09
2025-09-16,2025-09-16 11:00:00-04:00,2025-09-16 14:00:00-04:00,long,6630.25,6612.5,0.26849190742701556,6611.0,6637.625,6602.125,6637.625,4,0.4027,0.3911,target,2025-09
2025-09-18,2025-09-18 11:00:00-04:00,2025-09-18 14:00:00-04:00,short,6694.0,6629.5,0.9632616487455198,6696.0,6701.25,6728.25,6599.25,0,-0.0783,-0.0899,eod,2025-09
2025-09-22,2025-09-22 11:00:00-04:00,2025-09-22 12:00:00-04:00,short,6719.25,6700.0,0.2858627858627859,6734.0,6743.625,6743.625,6705.125,2,-0.1427,-0.1543,stop,2025-09
2025-09-23,2025-09-23 11:00:00-04:00,2025-09-23 11:00:00-04:00,long,6756.5,6748.5,0.11859318830374681,6745.75,6741.75,6741.75,6757.75,1,-0.0593,-0.0709,stop,2025-09
2025-09-24,2025-09-24 12:00:00-04:00,2025-09-24 14:00:00-04:00,long,6728.5,6706.0,0.33654924837334527,6685.5,6693.25,6674.25,6719.25,0,0.1159,0.1043,eod,2025-09
2025-09-25,2025-09-25 11:00:00-04:00,2025-09-25 14:00:00-04:00,short,6662.75,6631.25,0.4723523898781631,6668.75,6659.75,6684.5,6621.5,0,0.1351,0.1235,eod,2025-09
2025-09-26,2025-09-26 11:00:00-04:00,2025-09-26 14:00:00-04:00,long,6698.25,6667.5,0.4615211436719073,6662.75,6698.25,6647.375,6708.875,0,0.5328,0.5212,eod,2025-09
2025-09-29,2025-09-29 12:00:00-04:00,2025-09-29 13:00:00-04:00,long,6735.75,6715.75,0.29801817910892564,6711.0,6701.0,6701.0,6741.0,2,-0.149,-0.1606,stop,2025-09
2025-10-01,2025-10-01 11:00:00-04:00,2025-10-01 11:00:00-04:00,short,6729.0,6705.25,0.3527271377121004,6733.25,6745.125,6745.125,6697.625,1,-0.1761,-0.1877,stop,2025-10
2025-10-02,2025-10-02 11:00:00-04:00,2025-10-02 14:00:00-04:00,long,6782.25,6761.75,0.3037037037037037,6750.0,6768.0,6739.75,6780.75,0,0.2667,0.2551,eod,2025-10
2025-10-03,2025-10-03 11:00:00-04:00,2025-10-03 13:00:00-04:00,short,6788.25,6768.0,0.29805710921401235,6794.0,6763.625,6804.125,6763.625,3,0.4491,0.4375,target,2025-10
2025-10-06,2025-10-06 12:00:00-04:00,2025-10-06 14:00:00-04:00,short,6790.25,6771.0,0.2834947166893708,6790.25,6793.5,6799.875,6761.375,0,-0.0478,-0.0594,eod,2025-10
2025-10-07,2025-10-07 11:00:00-04:00,2025-10-07 11:00:00-04:00,long,6802.75,6792.5,0.15116879286188334,6780.5,6775.375,6775.375,6795.875,1,-0.0756,-0.0872,stop,2025-10
2025-10-08,2025-10-08 11:00:00-04:00,2025-10-08 11:00:00-04:00,short,6776.5,6764.5,0.17675651789659744,6789.0,6795.0,6795.0,6771.0,1,-0.0883,-0.0999,stop,2025-10
2025-10-09,2025-10-09 11:00:00-04:00,2025-10-09 11:00:00-04:00,long,6809.5,6785.25,0.35753778105418355,6782.5,6770.375,6770.375,6818.875,1,-0.1788,-0.1904,stop,2025-10
2025-10-10,2025-10-10 11:00:00-04:00,2025-10-10 11:00:00-04:00,long,6806.5,6783.25,0.34406215316315203,6757.5,6745.875,6745.875,6792.375,1,-0.172,-0.1836,stop,2025-10
2025-10-13,2025-10-13 13:00:00-04:00,2025-10-13 14:00:00-04:00,short,6694.75,6661.75,0.4919865821841223,6707.5,6685.5,6724.0,6658.0,0,0.3291,0.3175,eod,2025-10
2025-10-14,2025-10-14 11:00:00-04:00,2025-10-14 11:00:00-04:00,short,6638.75,6593.25,0.683157539131414,6660.25,6683.0,6683.0,6592.0,1,-0.3404,-0.352,stop,2025-10
2025-10-15,2025-10-15 11:00:00-04:00,2025-10-15 11:00:00-04:00,short,6750.0,6724.25,0.38124144057445314,6754.25,6715.625,6767.125,6715.625,1,0.5752,0.5636,target,2025-10
2025-10-16,2025-10-16 12:00:00-04:00,2025-10-16 12:00:00-04:00,long,6744.25,6724.25,0.2981736861721953,6707.5,6697.5,6697.5,6737.5,1,-0.1491,-0.1607,stop,2025-10
2025-10-17,2025-10-17 14:00:00-04:00,2025-10-17 14:00:00-04:00,short,6684.5,6641.5,0.6428704914969166,6688.75,6710.25,6710.25,6624.25,1,-0.3204,-0.332,stop,2025-10
2025-10-20,2025-10-20 11:00:00-04:00,2025-10-20 14:00:00-04:00,short,6754.75,6732.0,0.33589251439539347,6773.0,6777.25,6784.375,6738.875,0,-0.0627,-0.0743,eod,2025-10
2025-10-21,2025-10-21 11:00:00-04:00,2025-10-21 14:00:00-04:00,short,6777.5,6761.5,0.23578823269351212,6785.75,6779.5,6793.75,6761.75,0,0.0922,0.0806,eod,2025-10
2025-10-22,2025-10-22 11:00:00-04:00,2025-10-22 11:00:00-04:00,long,6781.75,6763.5,0.2699903839041349,6759.5,6750.375,6750.375,6786.875,1,-0.135,-0.1466,stop,2025-10
2025-10-23,2025-10-23 13:00:00-04:00,2025-10-23 14:00:00-04:00,short,6766.0,6724.0,0.6201092573453417,6773.0,6784.0,6794.0,6710.0,0,-0.1621,-0.1737,eod,2025-10
2025-10-24,2025-10-24 12:00:00-04:00,2025-10-24 14:00:00-04:00,short,6835.0,6812.5,0.3291518853088542,6835.75,6838.0,6847.0,6802.0,0,-0.0329,-0.0445,eod,2025-10
2025-10-27,2025-10-27 12:00:00-04:00,2025-10-27 14:00:00-04:00,short,6889.0,6877.0,0.17415913791226734,6890.25,6896.25,6896.25,6872.25,3,-0.087,-0.0986,stop,2025-10
2025-10-28,2025-10-28 14:00:00-04:00,2025-10-28 14:00:00-04:00,short,6927.5,6906.75,0.29934720669383635,6931.75,6937.0,6942.125,6900.625,0,-0.0757,-0.0873,eod,2025-10
2025-10-29,2025-10-29 12:00:00-04:00,2025-10-29 14:00:00-04:00,long,6951.75,6936.25,0.2235120227838062,6934.75,6927.0,6927.0,6958.0,3,-0.1118,-0.1234,stop,2025-10
2025-10-31,2025-10-31 12:00:00-04:00,2025-10-31 12:00:00-04:00,long,6906.25,6880.0,0.3818876159301691,6873.75,6860.625,6860.625,6913.125,1,-0.1909,-0.2025,stop,2025-10
2025-11-05,2025-11-05 11:00:00-05:00,2025-11-05 11:00:00-05:00,short,6824.5,6789.75,0.5089897103518987,6827.25,6844.625,6844.625,6775.125,1,-0.2538,-0.2654,stop,2025-11
2025-11-06,2025-11-06 11:00:00-05:00,2025-11-06 14:00:00-05:00,long,6834.25,6788.0,0.6845766725873298,6756.0,6777.0,6732.875,6825.375,0,0.3108,0.2992,eod,2025-11
2025-11-07,2025-11-07 11:00:00-05:00,2025-11-07 11:00:00-05:00,long,6725.5,6687.25,0.5728620638011083,6677.0,6657.875,6657.875,6734.375,1,-0.2864,-0.298,stop,2025-11
2025-11-10,2025-11-10 11:00:00-05:00,2025-11-10 11:00:00-05:00,long,6835.5,6812.75,0.3342884431709647,6805.5,6794.125,6794.125,6839.625,1,-0.1671,-0.1787,stop,2025-11
2025-11-11,2025-11-11 11:00:00-05:00,2025-11-11 12:00:00-05:00,long,6852.0,6837.5,0.21215889970005122,6834.5,6856.25,6827.25,6856.25,2,0.3182,0.3066,target,2025-11
2025-11-12,2025-11-12 11:00:00-05:00,2025-11-12 11:00:00-05:00,long,6895.5,6873.75,0.31675526105002544,6866.5,6855.625,6855.625,6899.125,1,-0.1584,-0.17,stop,2025-11
2025-11-13,2025-11-13 11:00:00-05:00,2025-11-13 11:00:00-05:00,long,6853.5,6817.0,0.5362915074933883,6806.0,6787.75,6787.75,6860.75,1,-0.2681,-0.2797,stop,2025-11
2025-11-14,2025-11-14 11:00:00-05:00,2025-11-14 11:00:00-05:00,short,6726.5,6670.5,0.8283104685131086,6760.75,6788.75,6788.75,6676.75,1,-0.4124,-0.424,stop,2025-11
2025-11-17,2025-11-17 14:00:00-05:00,2025-11-17 14:00:00-05:00,long,6774.75,6726.5,0.7198537913542948,6702.75,6678.625,6678.625,6775.125,1,-0.3599,-0.3715,stop,2025-11
2025-11-18,2025-11-18 11:00:00-05:00,2025-11-18 14:00:00-05:00,long,6679.0,6621.5,0.8702232311766931,6607.5,6680.0,6578.75,6693.75,0,1.0972,1.0856,eod,2025-11
2025-11-20,2025-11-20 12:00:00-05:00,2025-11-20 12:00:00-05:00,long,6786.0,6760.25,0.38803496081977096,6636.0,6623.125,6623.125,6674.625,1,-0.194,-0.2056,stop,2025-11
2025-11-21,2025-11-21 11:00:00-05:00,2025-11-21 11:00:00-05:00,long,6596.0,6562.5,0.5107875276358923,6558.5,6541.75,6541.75,6608.75,1,-0.2554,-0.267,stop,2025-11
2025-11-24,2025-11-24 11:00:00-05:00,2025-11-24 12:00:00-05:00,short,6686.75,6646.75,0.5972823652381664,6697.0,6717.0,6717.0,6637.0,2,-0.2978,-0.3094,stop,2025-11
2025-11-25,2025-11-25 12:00:00-05:00,2025-11-25 14:00:00-05:00,short,6730.0,6674.5,0.8225268618006669,6747.5,6769.75,6775.25,6664.25,0,-0.3287,-0.3403,eod,2025-11
2025-11-26,2025-11-26 11:00:00-05:00,2025-11-26 11:00:00-05:00,short,6824.0,6797.5,0.38829261145096894,6824.75,6838.0,6838.0,6785.0,1,-0.1938,-0.2054,stop,2025-11
2025-11-28,2025-11-28 11:30:00-05:00,2025-11-28 12:30:00-05:00,short,6844.25,6831.25,0.18975332068311196,6851.0,6857.5,6857.5,6831.5,2,-0.0948,-0.1064,stop,2025-11
2025-12-01,2025-12-01 12:00:00-05:00,2025-12-01 14:00:00-05:00,short,6844.25,6811.75,0.4747991234477721,6845.0,6827.75,6861.25,6796.25,0,0.2526,0.241,eod,2025-12
2025-12-02,2025-12-02 11:00:00-05:00,2025-12-02 11:00:00-05:00,short,6854.75,6839.75,0.21865092380015305,6860.25,6837.75,6867.75,6837.75,1,0.3291,0.3175,target,2025-12
2025-12-03,2025-12-03 13:00:00-05:00,2025-12-03 14:00:00-05:00,short,6856.5,6817.5,0.5682853083676369,6862.75,6870.25,6882.25,6804.25,0,-0.1092,-0.1208,eod,2025-12
2025-12-08,2025-12-08 11:00:00-05:00,2025-12-08 12:00:00-05:00,long,6891.75,6869.25,0.3281677301731996,6856.25,6845.0,6845.0,6890.0,2,-0.1641,-0.1757,stop,2025-12
2025-12-09,2025-12-09 12:00:00-05:00,2025-12-09 14:00:00-05:00,short,6864.5,6845.0,0.2839047827036471,6868.5,6855.25,6878.25,6839.25,0,0.1933,0.1817,eod,2025-12
2025-12-10,2025-12-10 12:00:00-05:00,2025-12-10 14:00:00-05:00,short,6851.0,6830.75,0.29546946815495734,6853.5,6863.625,6863.625,6823.125,3,-0.1475,-0.1591,stop,2025-12
2025-12-11,2025-12-11 13:00:00-05:00,2025-12-11 14:00:00-05:00,short,6875.25,6839.25,0.5225342913128674,6889.5,6907.5,6907.5,6835.5,2,-0.2606,-0.2722,stop,2025-12
2025-12-12,2025-12-12 11:00:00-05:00,2025-12-12 11:00:00-05:00,long,6909.0,6885.75,0.3403725798777587,6830.75,6819.125,6819.125,6865.625,1,-0.1702,-0.1818,stop,2025-12
2025-12-15,2025-12-15 11:00:00-05:00,2025-12-15 14:00:00-05:00,long,6872.5,6836.75,0.5238287116744204,6824.75,6830.5,6806.875,6878.375,0,0.0843,0.0727,eod,2025-12
2025-12-17,2025-12-17 13:00:00-05:00,2025-12-17 14:00:00-05:00,long,6877.75,6787.0,1.344643650911246,6749.0,6794.5,6703.625,6885.125,0,0.6742,0.6626,eod,2025-12
2025-12-18,2025-12-18 11:00:00-05:00,2025-12-18 12:00:00-05:00,short,6850.25,6820.5,0.4333733930587422,6864.75,6820.125,6879.625,6820.125,2,0.6543,0.6427,target,2025-12
2025-12-19,2025-12-19 13:00:00-05:00,2025-12-19 14:00:00-05:00,short,6881.75,6831.5,0.7293972493377363,6889.25,6888.5,6914.375,6813.875,0,0.0109,-0.0007,eod,2025-12
2025-12-22,2025-12-22 12:00:00-05:00,2025-12-22 14:00:00-05:00,short,6927.75,6911.75,0.23080529409643336,6932.25,6930.25,6940.25,6908.25,0,0.0289,0.0173,eod,2025-12
2025-12-23,2025-12-23 11:00:00-05:00,2025-12-23 14:00:00-05:00,short,6943.5,6913.75,0.4283657307415407,6945.0,6959.875,6959.875,6900.375,4,-0.2137,-0.2253,stop,2025-12
2025-12-24,2025-12-24 11:30:00-05:00,2025-12-24 11:30:00-05:00,short,6967.0,6957.25,0.13978494623655913,6975.0,6979.875,6979.875,6960.375,1,-0.0698,-0.0814,stop,2025-12
2025-12-26,2025-12-26 12:00:00-05:00,2025-12-26 13:00:00-05:00,long,6994.0,6979.25,0.21142406650899448,6976.5,6969.125,6969.125,6998.625,2,-0.1057,-0.1173,stop,2025-12
2025-12-31,2025-12-31 11:00:00-05:00,2025-12-31 14:00:00-05:00,long,6951.0,6925.25,0.37236542424351976,6915.25,6913.25,6902.375,6953.875,0,-0.0289,-0.0405,eod,2025-12
2026-01-02,2026-01-02 11:00:00-05:00,2026-01-02 13:00:00-05:00,long,6939.25,6911.75,0.3994770482277745,6884.0,6870.25,6870.25,6925.25,3,-0.1997,-0.2113,stop,2026-01
2026-01-05,2026-01-05 11:00:00-05:00,2026-01-05 14:00:00-05:00,short,6947.75,6922.5,0.363204833141542,6952.0,6944.75,6964.625,6914.125,0,0.1044,0.0928,eod,2026-01
2026-01-06,2026-01-06 13:00:00-05:00,2026-01-06 14:00:00-05:00,short,6970.0,6939.75,0.4335208340797535,6977.75,6987.25,6992.875,6932.375,0,-0.136,-0.1476,eod,2026-01
2026-01-07,2026-01-07 12:00:00-05:00,2026-01-07 14:00:00-05:00,short,6998.25,6984.25,0.19993573494233996,7002.25,6981.25,7009.25,6981.25,3,0.3008,0.2892,target,2026-01
2026-01-08,2026-01-08 11:00:00-05:00,2026-01-08 14:00:00-05:00,short,6958.75,6940.0,0.2692224854619858,6964.5,6955.25,6973.875,6936.375,0,0.133,0.1214,eod,2026-01
2026-01-09,2026-01-09 12:00:00-05:00,2026-01-09 14:00:00-05:00,short,6989.75,6968.25,0.306967447173044,7004.0,7014.75,7014.75,6971.75,3,-0.1532,-0.1648,stop,2026-01
2026-01-12,2026-01-12 12:00:00-05:00,2026-01-12 14:00:00-05:00,short,7002.75,6964.5,0.5456685331145904,7009.75,7024.0,7028.875,6952.375,0,-0.2029,-0.2145,eod,2026-01
2026-01-13,2026-01-13 11:00:00-05:00,2026-01-13 11:00:00-05:00,long,7027.5,7005.0,0.32141709224670545,7000.25,6989.0,6989.0,7034.0,1,-0.1607,-0.1723,stop,2026-01
2026-01-14,2026-01-14 11:00:00-05:00,2026-01-14 14:00:00-05:00,long,6979.75,6948.25,0.4543160020191822,6933.5,6943.25,6917.75,6980.75,0,0.1406,0.129,eod,2026-01
2026-01-15,2026-01-15 12:00:00-05:00,2026-01-15 14:00:00-05:00,short,7011.25,6994.5,0.23883363633123017,7013.25,6988.125,7021.625,6988.125,3,0.3595,0.3479,target,2026-01
2026-01-16,2026-01-16 11:00:00-05:00,2026-01-16 14:00:00-05:00,long,7002.25,6978.75,0.33677271424476923,6978.0,6987.25,6966.25,7013.25,0,0.1326,0.121,eod,2026-01
2026-01-20,2026-01-20 11:00:00-05:00,2026-01-20 13:00:00-05:00,short,6890.25,6865.25,0.36258158085569253,6895.0,6857.5,6907.5,6857.5,3,0.5468,0.5352,target,2026-01
2026-01-21,2026-01-21 11:00:00-05:00,2026-01-21 14:00:00-05:00,short,6883.25,6821.75,0.8907234412339778,6904.5,6935.25,6935.25,6812.25,4,-0.4434,-0.455,stop,2026-01
2026-01-22,2026-01-22 13:00:00-05:00,2026-01-22 14:00:00-05:00,short,6964.5,6930.5,0.4880324398033516,6966.75,6944.5,6983.75,6915.75,0,0.3204,0.3088,eod,2026-01
2026-01-23,2026-01-23 11:00:00-05:00,2026-01-23 12:00:00-05:00,short,6942.0,6924.75,0.24788934794323694,6958.75,6932.875,6967.375,6932.875,2,0.3732,0.3616,target,2026-01
2026-01-26,2026-01-26 11:00:00-05:00,2026-01-26 14:00:00-05:00,short,6980.0,6951.0,0.41524968677286556,6983.75,6989.5,6998.25,6940.25,0,-0.0823,-0.0939,eod,2026-01
2026-01-27,2026-01-27 11:00:00-05:00,2026-01-27 14:00:00-05:00,short,7007.75,6988.25,0.2780451288632232,7013.25,7013.75,7023.0,6984.0,0,-0.0071,-0.0187,eod,2026-01
2026-01-28,2026-01-28 11:00:00-05:00,2026-01-28 11:00:00-05:00,long,7031.0,7018.0,0.1855155190866928,7007.5,7001.0,7001.0,7027.0,1,-0.0928,-0.1044,stop,2026-01
2026-01-29,2026-01-29 11:00:00-05:00,2026-01-29 14:00:00-05:00,long,7023.75,6965.5,0.8428592099551441,6911.0,6962.0,6881.875,6998.375,0,0.738,0.7264,eod,2026-01
2026-02-03,2026-02-03 11:00:00-05:00,2026-02-03 11:00:00-05:00,long,7017.0,6980.0,0.5302378905130409,6978.0,6959.5,6959.5,7033.5,1,-0.2651,-0.2767,stop,2026-02
2026-02-04,2026-02-04 12:00:00-05:00,2026-02-04 12:00:00-05:00,long,6960.75,6924.0,0.531760960787151,6911.0,6892.625,6892.625,6966.125,1,-0.2659,-0.2775,stop,2026-02
2026-02-05,2026-02-05 11:00:00-05:00,2026-02-05 14:00:00-05:00,long,6881.25,6831.5,0.7297931641484524,6817.0,6834.5,6792.125,6891.625,0,0.2567,0.2451,eod,2026-02
2026-02-06,2026-02-06 12:00:00-05:00,2026-02-06 14:00:00-05:00,short,6907.25,6850.25,0.8241162437649101,6916.5,6935.5,6945.0,6831.0,0,-0.274,-0.2856,eod,2026-02
2026-02-09,2026-02-09 11:00:00-05:00,2026-02-09 14:00:00-05:00,short,6957.5,6924.25,0.4761052443171649,6983.75,7000.375,7000.375,6933.875,4,-0.2375,-0.2491,stop,2026-02
2026-02-11,2026-02-11 11:00:00-05:00,2026-02-11 14:00:00-05:00,long,7011.5,6977.25,0.49190334278840975,6962.75,6968.75,6945.625,7014.125,0,0.0862,0.0746,eod,2026-02
2026-02-12,2026-02-12 11:00:00-05:00,2026-02-12 11:00:00-05:00,long,6992.75,6962.0,0.444043321299639,6925.0,6909.625,6909.625,6971.125,1,-0.222,-0.2336,stop,2026-02
2026-02-13,2026-02-13 12:00:00-05:00,2026-02-13 14:00:00-05:00,short,6862.75,6808.75,0.7845986196876135,6882.5,6858.75,6909.5,6801.5,0,0.3463,0.3347,eod,2026-02
2026-02-17,2026-02-17 14:00:00-05:00,2026-02-17 14:00:00-05:00,short,6862.0,6797.75,0.9345114723100978,6875.25,6870.0,6907.375,6778.875,0,0.0764,0.0648,eod,2026-02
2026-02-18,2026-02-18 11:00:00-05:00,2026-02-18 14:00:00-05:00,short,6897.75,6861.5,0.5239007117823463,6919.25,6879.25,6937.375,6864.875,0,0.5815,0.5699,eod,2026-02
2026-02-19,2026-02-19 13:00:00-05:00,2026-02-19 14:00:00-05:00,long,6890.75,6857.0,0.4922336469043973,6856.5,6857.75,6839.625,6907.125,0,0.0182,0.0066,eod,2026-02
2026-02-20,2026-02-20 11:00:00-05:00,2026-02-20 14:00:00-05:00,short,6884.0,6847.25,0.5311461193814135,6919.0,6911.25,6937.375,6863.875,0,0.1121,0.1005,eod,2026-02
2026-02-23,2026-02-23 11:00:00-05:00,2026-02-23 11:00:00-05:00,long,6930.25,6892.5,0.5509541358047214,6851.75,6832.875,6832.875,6908.375,1,-0.2755,-0.2871,stop,2026-02
2026-02-24,2026-02-24 12:00:00-05:00,2026-02-24 14:00:00-05:00,short,6883.75,6828.5,0.8014505893019039,6893.75,6900.75,6921.375,6810.875,0,-0.1014,-0.113,eod,2026-02
2026-02-25,2026-02-25 12:00:00-05:00,2026-02-25 14:00:00-05:00,short,6949.0,6926.75,0.32016691848334417,6949.5,6960.625,6960.625,6916.125,3,-0.1598,-0.1714,stop,2026-02
2026-02-26,2026-02-26 11:00:00-05:00,2026-02-26 12:00:00-05:00,long,6968.25,6931.75,0.5286216010717261,6904.75,6886.5,6886.5,6959.5,2,-0.2643,-0.2759,stop,2026-02
2026-02-27,2026-02-27 11:00:00-05:00,2026-02-27 14:00:00-05:00,short,6867.5,6841.5,0.3780443475099964,6877.5,6858.5,6890.5,6838.5,0,0.277,0.2654,eod,2026-02
2026-03-02,2026-03-02 11:00:00-05:00,2026-03-02 11:00:00-05:00,short,6858.0,6802.25,0.8119720361200117,6866.0,6893.875,6893.875,6782.375,1,-0.4043,-0.4159,stop,2026-03
2026-03-03,2026-03-03 12:00:00-05:00,2026-03-03 13:00:00-05:00,short,6794.0,6741.5,0.7722007722007722,6798.75,6825.0,6825.0,6720.0,2,-0.3846,-0.3962,stop,2026-03
2026-03-04,2026-03-04 11:00:00-05:00,2026-03-04 14:00:00-05:00,short,6857.75,6817.75,0.5812897366030881,6881.25,6891.25,6901.25,6821.25,0,-0.1451,-0.1567,eod,2026-03
2026-03-05,2026-03-05 12:00:00-05:00,2026-03-05 12:00:00-05:00,long,6873.0,6835.75,0.545228337236534,6832.0,6813.375,6813.375,6887.875,1,-0.2726,-0.2842,stop,2026-03
2026-03-06,2026-03-06 11:00:00-05:00,2026-03-06 14:00:00-05:00,short,6759.25,6715.75,0.6427304964539007,6768.0,6768.75,6789.75,6702.75,0,-0.0111,-0.0227,eod,2026-03
2026-03-09,2026-03-09 12:00:00-04:00,2026-03-09 12:00:00-04:00,short,6693.75,6644.25,0.7374027038099139,6712.75,6737.5,6737.5,6638.5,1,-0.3673,-0.3789,stop,2026-03
2026-03-10,2026-03-10 11:00:00-04:00,2026-03-10 13:00:00-04:00,short,6806.0,6772.0,0.4978584764066332,6829.25,6846.25,6846.25,6778.25,3,-0.2483,-0.2599,stop,2026-03
2026-03-11,2026-03-11 12:00:00-04:00,2026-03-11 14:00:00-04:00,long,6802.0,6771.0,0.45868166013168604,6758.5,6769.25,6743.0,6805.0,0,0.1591,0.1475,eod,2026-03
2026-03-13,2026-03-13 11:00:00-04:00,2026-03-13 11:00:00-04:00,long,6737.5,6702.5,0.5249737513124344,6667.0,6649.5,6649.5,6719.5,1,-0.2625,-0.2741,stop,2026-03
2026-03-16,2026-03-16 12:00:00-04:00,2026-03-16 14:00:00-04:00,short,6723.0,6690.5,0.48157066123356174,6748.75,6765.0,6765.0,6700.0,3,-0.2402,-0.2518,stop,2026-03
2026-03-18,2026-03-18 13:00:00-04:00,2026-03-18 14:00:00-04:00,long,6759.75,6732.0,0.41247073687339747,6727.75,6713.875,6713.875,6769.375,2,-0.2062,-0.2178,stop,2026-03
2026-03-20,2026-03-20 11:00:00-04:00,2026-03-20 14:00:00-04:00,long,6648.0,6605.5,0.6442566415280251,6596.75,6575.5,6575.5,6660.5,4,-0.3221,-0.3337,stop,2026-03
2026-03-23,2026-03-23 12:00:00-04:00,2026-03-23 14:00:00-04:00,long,6698.0,6638.0,0.9039888508041735,6637.25,6667.0,6607.25,6727.25,0,0.4482,0.4366,eod,2026-03
2026-03-24,2026-03-24 11:00:00-04:00,2026-03-24 11:00:00-04:00,short,6606.0,6573.5,0.49128906692868746,6615.25,6631.5,6631.5,6566.5,1,-0.245,-0.2566,stop,2026-03
2026-03-26,2026-03-26 13:00:00-04:00,2026-03-26 13:00:00-04:00,long,6619.5,6579.75,0.6051609956611099,6568.5,6548.625,6548.625,6628.125,1,-0.3026,-0.3142,stop,2026-03
2026-03-27,2026-03-27 14:00:00-04:00,2026-03-27 14:00:00-04:00,long,6496.75,6454.0,0.664903958317132,6429.5,6421.5,6408.125,6493.625,0,-0.1244,-0.136,eod,2026-03
2026-03-30,2026-03-30 14:00:00-04:00,2026-03-30 14:00:00-04:00,long,6471.25,6413.75,0.8980866848887153,6402.5,6384.75,6373.75,6488.75,0,-0.2772,-0.2888,eod,2026-03
2026-03-31,2026-03-31 13:00:00-04:00,2026-03-31 14:00:00-04:00,short,6495.0,6450.25,0.6848004896897356,6534.75,6557.125,6557.125,6467.625,2,-0.3412,-0.3528,stop,2026-03
2026-04-01,2026-04-01 11:00:00-04:00,2026-04-01 13:00:00-04:00,short,6628.5,6590.0,0.5803874274515716,6633.5,6652.75,6652.75,6575.75,3,-0.2894,-0.301,stop,2026-04
2026-04-02,2026-04-02 11:00:00-04:00,2026-04-02 14:00:00-04:00,short,6563.0,6514.25,0.7365160900438132,6619.0,6609.0,6643.375,6545.875,0,0.1513,0.1397,eod,2026-04
2026-04-07,2026-04-07 11:00:00-04:00,2026-04-07 13:00:00-04:00,long,6639.0,6602.25,0.5578112548855918,6588.25,6643.375,6569.875,6643.375,3,0.8367,0.8251,target,2026-04
2026-04-08,2026-04-08 11:00:00-04:00,2026-04-08 14:00:00-04:00,long,6836.75,6805.0,0.46734130634774607,6793.75,6794.0,6777.875,6841.375,0,0.0037,-0.0079,eod,2026-04
2026-04-09,2026-04-09 12:00:00-04:00,2026-04-09 12:00:00-04:00,short,6821.75,6804.25,0.2553905651428363,6852.25,6861.0,6861.0,6826.0,1,-0.1275,-0.1391,stop,2026-04
2026-04-10,2026-04-10 12:00:00-04:00,2026-04-10 12:00:00-04:00,long,6881.5,6864.0,0.2552229554818245,6856.75,6848.0,6848.0,6883.0,1,-0.1276,-0.1392,stop,2026-04
2026-04-13,2026-04-13 11:00:00-04:00,2026-04-13 12:00:00-04:00,short,6859.0,6821.5,0.5461098773073142,6866.75,6885.5,6885.5,6810.5,2,-0.2723,-0.2839,stop,2026-04
2026-04-14,2026-04-14 11:00:00-04:00,2026-04-14 11:00:00-04:00,short,6961.25,6937.25,0.34398738712913857,6977.0,6989.0,6989.0,6941.0,1,-0.1717,-0.1833,stop,2026-04
2026-04-15,2026-04-15 11:00:00-04:00,2026-04-15 12:00:00-04:00,short,7024.75,7004.0,0.29519507771099335,7029.25,7039.625,7039.625,6998.125,2,-0.1474,-0.159,stop,2026-04
2026-04-16,2026-04-16 12:00:00-04:00,2026-04-16 14:00:00-04:00,short,7074.0,7046.5,0.38819875776397517,7084.0,7068.75,7097.75,7042.75,0,0.2157,0.2041,eod,2026-04
2026-04-17,2026-04-17 11:00:00-04:00,2026-04-17 12:00:00-04:00,short,7147.5,7117.0,0.42562098799888365,7166.0,7181.25,7181.25,7120.25,2,-0.2124,-0.224,stop,2026-04
2026-04-20,2026-04-20 11:00:00-04:00,2026-04-20 14:00:00-04:00,long,7159.5,7134.75,0.3470396466505416,7131.75,7143.0,7119.375,7168.875,0,0.1577,0.1461,eod,2026-04
2026-04-21,2026-04-21 11:00:00-04:00,2026-04-21 11:00:00-04:00,long,7168.5,7147.0,0.30131034966014997,7135.5,7124.75,7124.75,7167.75,1,-0.1507,-0.1623,stop,2026-04
2026-04-22,2026-04-22 11:00:00-04:00,2026-04-22 14:00:00-04:00,short,7153.5,7137.5,0.22348709711212766,7159.25,7154.5,7167.25,7135.25,0,0.0664,0.0548,eod,2026-04
2026-04-23,2026-04-23 11:00:00-04:00,2026-04-23 13:00:00-04:00,short,7171.0,7142.5,0.39721254355400704,7175.0,7132.25,7189.25,7132.25,3,0.5994,0.5878,target,2026-04
2026-04-24,2026-04-24 12:00:00-04:00,2026-04-24 14:00:00-04:00,short,7170.5,7145.0,0.35448668937235006,7193.5,7190.75,7206.25,7155.25,0,0.0382,0.0266,eod,2026-04
2026-04-27,2026-04-27 14:00:00-04:00,2026-04-27 14:00:00-04:00,short,7198.5,7180.25,0.2533490664260429,7203.5,7203.0,7212.625,7176.125,0,0.0069,-0.0047,eod,2026-04
2026-04-28,2026-04-28 11:00:00-04:00,2026-04-28 12:00:00-04:00,long,7183.0,7160.5,0.3143006809848088,7158.75,7147.5,7147.5,7192.5,2,-0.1572,-0.1688,stop,2026-04
2026-04-30,2026-04-30 14:00:00-04:00,2026-04-30 14:00:00-04:00,short,7209.75,7160.25,0.6851448146994706,7224.75,7237.5,7249.5,7150.5,0,-0.1762,-0.1878,eod,2026-04
